w;p;fpph;fppd
59788;1007263721073;0x1.d50b314ce35ccp-1;0.916101
59736;999255404323;0x1.d15086de47566p-1;0.908817
59682;1000548975177;0x1.d1eabb8493088p-1;0.909994
59644;1002906365409;0x1.d303c15bc2f78p-1;0.912138
59636;1005027533591;0x1.d4009e462f042p-1;0.914067
59632;994967891964;0x1.cf516a5ff8184p-1;0.904918
59582;998912776316;0x1.d127aeb0f95d7p-1;0.908506
59476;998595365354;0x1.d101d813d4bfp-1;0.908217
59464;988880887978;0x1.cc7bc9c15583ap-1;0.899382
59394;992390657364;0x1.ce1e2f6aa96d4p-1;0.902574
59368;994092648301;0x1.cee9140edbdeep-1;0.904122
59366;996248245695;0x1.cfea0bab7e177p-1;0.906083
59360;990046213153;0x1.cd06b4a842ebcp-1;0.900442
59344;997383254702;0x1.d07159655d57cp-1;0.907115
59342;989671275867;0x1.ccda027ab78c6p-1;0.900101
59260;991189033024;0x1.cd8ef0c0801eap-1;0.901481
59256;988423445520;0x1.cc4541b820b8ep-1;0.898966
59224;987882448852;0x1.cc04c3cfa9a5ep-1;0.898474
59122;992811900308;0x1.ce5066bb292f4p-1;0.902957
59120;990204281281;0x1.cd198c838311ap-1;0.900586
59112;987790151279;0x1.cbf9c31cde821p-1;0.89839
59104;987546445663;0x1.cbdcb5cebe9e5p-1;0.898168
59028;989939820866;0x1.ccfa05d28584p-1;0.900345
58984;987733437944;0x1.cbf3005bf1fb2p-1;0.898338
58976;985536389008;0x1.caed17bf2197dp-1;0.89634
58960;988054829037;0x1.cc19506fdb69dp-1;0.898631
58954;987544625758;0x1.cbdc7e44bc172p-1;0.898167
58898;986348267664;0x1.cb4de0512181ep-1;0.897079
58824;983156017242;0x1.c9d15490b4674p-1;0.894175
58792;986245540470;0x1.cb41a154ecca3p-1;0.896985
58740;986245540470;0x1.cb41a154ecca3p-1;0.896985
58672;981106007174;0x1.c8dcf3390cc2ap-1;0.892311
58656;987342295386;0x1.cbc45fa2b5bb8p-1;0.897983
58642;984828125765;0x1.ca98a9448a8fep-1;0.895696
58578;982612884135;0x1.c99095754e276p-1;0.893681
58452;979584957712;0x1.c827a07a2142dp-1;0.890927
58416;980280972648;0x1.c87a992ad0f99p-1;0.89156
58336;973979856405;0x1.c58b725c2bc74p-1;0.88583
58320;975294281828;0x1.c6282370c81f1p-1;0.887025
58312;981450753101;0x1.c9060c089ae44p-1;0.892624
58308;977831625131;0x1.c7569d0357bcdp-1;0.889333
58258;974242742225;0x1.c5aac8ffa2551p-1;0.886069
58248;977040306763;0x1.c6f847e496381p-1;0.888613
58240;972688499010;0x1.c4f18142859f6p-1;0.884655
58206;970504591081;0x1.c3ed29add21ebp-1;0.882669
58184;973749912248;0x1.c570090570bcdp-1;0.88562
58144;973806645139;0x1.c576cc5f26841p-1;0.885672
58120;974297259259;0x1.c5b148b9f6722p-1;0.886118
58060;970504591081;0x1.c3ed29add21ebp-1;0.882669
58056;972973126550;0x1.c5136f672cc8fp-1;0.884914
57992;972133726971;0x1.c4af5ef5f6086p-1;0.88415
57968;971762881681;0x1.c48329a9230b9p-1;0.883813
57892;965666305487;0x1.c1ac64eb9ea8cp-1;0.878268
57872;968015870201;0x1.c2c47bf1f30b5p-1;0.880405
57864;970958653577;0x1.c4234a9113b1cp-1;0.883082
57770;970504591081;0x1.c3ed29add21ebp-1;0.882669
57734;972787178324;0x1.c4fd44b6a9be8p-1;0.884745
57672;962989228796;0x1.c06d4305f9209p-1;0.875834
57608;966398743272;0x1.c203b525d1734p-1;0.878935
57520;960270338966;0x1.bf2925172d521p-1;0.873361
57476;958207298507;0x1.be33361797f5p-1;0.871484
57432;963307083298;0x1.c093272c44f8p-1;0.876123
57392;958279186525;0x1.be3bc7f0bb575p-1;0.87155
57372;954462579241;0x1.bc74ce54523e7p-1;0.868079
57352;955044490279;0x1.bcba2cd84e89p-1;0.868608
57328;958117430432;0x1.be287f8940f32p-1;0.871403
57288;965487130095;0x1.c19708ebde742p-1;0.878105
57246;961101677070;0x1.bf8c3f841d353p-1;0.874117
57244;960642972753;0x1.bf5590f8a2b19p-1;0.8737
57224;961470791269;0x1.bfb83ffccb581p-1;0.874453
57182;956225397951;0x1.bd46f3497ea67p-1;0.869682
57160;962606376479;0x1.c03f9f4c3f908p-1;0.875485
57142;951849714608;0x1.bb3d540761db1p-1;0.865702
57059;952168437115;0x1.bb6352aaf77c2p-1;0.865992
56992;952801799074;0x1.bbaed35744d26p-1;0.866568
56980;953094768621;0x1.bbd1c00fdade6p-1;0.866835
56968;955470532252;0x1.bcecf69d38b0dp-1;0.868995
56948;955470532252;0x1.bcecf69d38b0dp-1;0.868995
56928;954825354219;0x1.bca00d57d7ee9p-1;0.868409
56919;945564308726;0x1.b8500ca9eca0ep-1;0.859986
56915;943544298576;0x1.b75f3ed8a19bfp-1;0.858149
56911;952644562624;0x1.bb9c14dd813bbp-1;0.866425
56880;952644562624;0x1.bb9c14dd813bbp-1;0.866425
56792;951555821430;0x1.bb1a4b1eec906p-1;0.865435
56778;947116986896;0x1.b90924a4201b5p-1;0.861398
56771;952180652934;0x1.bb64c7770cbfap-1;0.866003
56763;952084900049;0x1.bb595d51a3d2bp-1;0.865916
56752;949995252598;0x1.ba604256ecb35p-1;0.864016
56739;953222117598;0x1.bbe0ee71bd523p-1;0.86695
56715;951398703892;0x1.bb07904629ce6p-1;0.865292
56700;955078769158;0x1.bcbe42f40c9d8p-1;0.868639
56674;951279980993;0x1.baf9692383b94p-1;0.865184
56652;947820590203;0x1.b95d04e8f7c17p-1;0.862038
56645;952038219455;0x1.bb53ccbd7f352p-1;0.865874
56611;947891282747;0x1.b965724677a32p-1;0.862102
56584;948999497168;0x1.b9e98e4ba03b4p-1;0.86311
56560;948748691040;0x1.b9cba84cc0dc2p-1;0.862882
56520;944092250986;0x1.b7a09106d449ap-1;0.858647
56456;943379941527;0x1.b74ba7112e44p-1;0.857999
56428;952501843296;0x1.bb8b116ac1278p-1;0.866295
56308;938799249918;0x1.b5299773fd0acp-1;0.853833
56291;935635529457;0x1.b3b0725de2edep-1;0.850956
56288;937277281726;0x1.b47428ab7c4aap-1;0.852449
56211;940335858565;0x1.b5e0c5070a4edp-1;0.85523
56200;941544790693;0x1.b670e2b54b0b9p-1;0.85633
56150;935445289098;0x1.b399c4b114fa8p-1;0.850783
56112;937523406077;0x1.b4917fc9fa6ep-1;0.852673
56072;936597875478;0x1.b4232ad62c1d9p-1;0.851831
56035;937100878333;0x1.b45f2143fa595p-1;0.852288
55979;935975203317;0x1.b3d8f063eb14p-1;0.851264
55956;939967730327;0x1.b5b4e2a52efc5p-1;0.854896
55952;931345667806;0x1.b1b10e2dbc43cp-1;0.847054
55878;934601090556;0x1.b33521cbf890ep-1;0.850015
55864;935226836491;0x1.b37fba0c17ff2p-1;0.850584
55824;931110422005;0x1.b195030beabc3p-1;0.84684
55736;930835728817;0x1.b174441363a1dp-1;0.84659
55716;936416273638;0x1.b40d84c9cdebap-1;0.851666
55700;925905078455;0x1.af287c916e7d1p-1;0.842106
55648;928140013057;0x1.b032e95c03367p-1;0.844138
55638;930427038114;0x1.b1438bd344e2p-1;0.846218
55588;934178323169;0x1.b302bbf5c3ed9p-1;0.84963
55509;928646700127;0x1.b06f5038bf7f6p-1;0.844599
55456;934389728344;0x1.b31bef88b025bp-1;0.849823
55432;934416369108;0x1.b31f1c8ba89dcp-1;0.849847
55350;916259689813;0x1.aaaaaaaaaaaabp-1;0.833333
55216;919461525473;0x1.ac285aefc30a6p-1;0.836245
55193;928744733669;0x1.b07afff7cb71ap-1;0.844688
55156;922213859199;0x1.ad70757efe049p-1;0.838749
55153;922213859199;0x1.ad70757efe049p-1;0.838749
55108;921353400352;0x1.ad09e260418c2p-1;0.837966
55068;923941715804;0x1.ae3e6f7eb9d8fp-1;0.84032
55065;922716204275;0x1.adac57d9e6453p-1;0.839205
55062;918966706732;0x1.abed5e44594b5p-1;0.835795
55057;920767869240;0x1.acc4156271c3ap-1;0.837433
55008;923383212369;0x1.adfbdb52a3b5fp-1;0.839812
54865;917877139500;0x1.ab6b7b5059f7ep-1;0.834804
54824;918619430569;0x1.abc3f83d52de8p-1;0.83548
54792;918619430569;0x1.abc3f83d52de8p-1;0.83548
54768;915355765395;0x1.aa3ee91526514p-1;0.832511
54728;915110531056;0x1.aa21ad1fe1a17p-1;0.832288
54714;917661477038;0x1.ab51c5d15d9cp-1;0.834608
54704;915173002441;0x1.aa291f99935dfp-1;0.832345
54600;915496119494;0x1.aa4fa4598cf94p-1;0.832639
54580;915254485340;0x1.aa32d642b8a74p-1;0.832419
54576;912093608234;0x1.a8ba07f254df6p-1;0.829544
54560;916464567954;0x1.aac3170d25593p-1;0.83352
54551;904439580300;0x1.a529998d188b1p-1;0.822583
54532;913276317561;0x1.a947055ef29abp-1;0.83062
54320;911986926673;0x1.a8ad5048a27c6p-1;0.829447
54112;907818212081;0x1.a6bc5d35e3755p-1;0.825656
54043;908143755641;0x1.a6e32c02f34e6p-1;0.825952
53987;902989999867;0x1.a47ccbddf716ep-1;0.821265
53982;909519214231;0x1.a78723ad2efe3p-1;0.827203
53979;907150110451;0x1.a66cb85de687bp-1;0.825048
53968;907150110451;0x1.a66cb85de687bp-1;0.825048
53960;907150110451;0x1.a66cb85de687bp-1;0.825048
53939;903317381874;0x1.a4a3d2c5e4678p-1;0.821562
53932;905557757099;0x1.a5aee59956772p-1;0.8236
53920;903900994543;0x1.a4e96537dffe7p-1;0.822093
53891;900511449285;0x1.a35554818a377p-1;0.81901
53884;903905457623;0x1.a4e9ed6bae6f4p-1;0.822097
53720;897479218443;0x1.a1ebdc2a16e42p-1;0.816253
53565;899078942890;0x1.a2aa8fe154f3ap-1;0.817708
53526;895237244260;0x1.a0e0988ac801bp-1;0.814214
53518;894318639916;0x1.a07316f658141p-1;0.813378
53510;899182746049;0x1.a2b6efb382ef4p-1;0.817802
53472;899078942890;0x1.a2aa8fe154f3ap-1;0.817708
53344;885909443797;0x1.9c88a2a9ab678p-1;0.80573
53336;897547160619;0x1.a1f3f5985768fp-1;0.816314
53264;897547160619;0x1.a1f3f5985768fp-1;0.816314
53156;888175293394;0x1.9d96bee7a5f8cp-1;0.807791
53108;886916604310;0x1.9d00b2c32c2a6p-1;0.806646
53072;886847551860;0x1.9cf87772e8768p-1;0.806583
53056;894333979940;0x1.a074eb1a4932ap-1;0.813392
52920;886135213338;0x1.9ca38c9a34782p-1;0.805935
52888;883371704682;0x1.9b5a1d02d5c98p-1;0.803422
52861;883132624104;0x1.9b3d9cd9d086bp-1;0.803204
52829;884324719894;0x1.9bcbb8ba2caa5p-1;0.804289
52826;883193103739;0x1.9b44d28af7d9dp-1;0.803259
52704;883198078287;0x1.9b456a5a9ed04p-1;0.803264
52675;886801452603;0x1.9cf2f89c77081p-1;0.806541
52632;879533581621;0x1.999092ca6aa34p-1;0.799931
52624;877322972685;0x1.98890c5c1ab12p-1;0.797921
52440;875853146004;0x1.97d9d4cf29561p-1;0.796584
52284;876373775144;0x1.9817e52650937p-1;0.797057
52172;872144663194;0x1.961fbee534d8p-1;0.793211
52118;871309522241;0x1.95bc306a83d04p-1;0.792451
52056;868935399487;0x1.94a12bf07f4b3p-1;0.790292
51881;871826785770;0x1.95f9da0bd4e8ep-1;0.792922
51791;867242134333;0x1.93d751967b6aep-1;0.788752
51769;863491113702;0x1.92182985cd208p-1;0.785341
51744;869458949124;0x1.94df9568094dcp-1;0.790768
51664;866144540571;0x1.935479af37c74p-1;0.787754
51384;858790128226;0x1.8fe7c2d4c5839p-1;0.781065
51360;853553200433;0x1.8d77787a63abfp-1;0.776302
51312;861547229748;0x1.91306ee46809ep-1;0.783573
51298;858982504623;0x1.8ffeb1b15ec8dp-1;0.78124
51052;853071711624;0x1.8d3e129b10b3p-1;0.775864
51036;852787843903;0x1.8d1c3ba67eacp-1;0.775606
50936;852787843903;0x1.8d1c3ba67eacp-1;0.775606
50812;852684406062;0x1.8d0fe6fa5d54dp-1;0.775512
50786;846560100641;0x1.8a35d40242b9dp-1;0.769942
50731;841765182079;0x1.87fa3ab4ff5f2p-1;0.765581
50705;852787843903;0x1.8d1c3ba67eacp-1;0.775606
50548;843301763014;0x1.88b1676f8c3fep-1;0.766978
50512;848136345936;0x1.8af1bb32a0149p-1;0.771376
50336;841751580993;0x1.87f89ba283c57p-1;0.765569
50064;841402739095;0x1.87cf05d32f003p-1;0.765251
50040;842557611589;0x1.8858b1bc8b6d1p-1;0.766302
49784;833520279846;0x1.84235c424c7e8p-1;0.758082
49778;832297769520;0x1.8391a03460d3ap-1;0.75697
49592;825904122179;0x1.80977192876b8p-1;0.751155
49459;828410505718;0x1.81c23a53edafp-1;0.753435
49427;834573460976;0x1.84a0e8cbe0e32p-1;0.75904
49304;825089270504;0x1.80364e45d15ecp-1;0.750414
49244;824913022097;0x1.80214b99230f9p-1;0.750254
49056;820415203550;0x1.7e091d11bcc97p-1;0.746163
49008;822037430667;0x1.7eca7f8317083p-1;0.747639
48972;824064112991;0x1.7fbc18f2bf6c6p-1;0.749482
48644;813559017702;0x1.7ad7cae1cdd93p-1;0.739928
48608;807565991566;0x1.780d5e3d1c707p-1;0.734477
48566;815774198901;0x1.7bdfdcd8ea181p-1;0.741942
48560;812266767047;0x1.7a3dbe858f6cap-1;0.738752
48520;811357292186;0x1.79d1538d34bd3p-1;0.737925
48405;809003423410;0x1.78b8b92d64058p-1;0.735784
48160;800417259414;0x1.74b92c3f2c3fcp-1;0.727975
47799;802072311218;0x1.757e786b6471cp-1;0.729481
47340;792285491269;0x1.70efca608b0fp-1;0.720579
47144;789406541045;0x1.6f9897c9eabc4p-1;0.717961
47110;791922059649;0x1.70c477530327ep-1;0.720249
47080;784687286164;0x1.6d66038f2991ap-1;0.713669
46888;788801130199;0x1.6f506c1dafcdbp-1;0.71741
46768;789412591480;0x1.6f99506ef037fp-1;0.717967
46764;786154087436;0x1.6e14dec818475p-1;0.715003
46760;784582622000;0x1.6d598976609a6p-1;0.713574
46696;782371335586;0x1.6c51ee5b4451cp-1;0.711563
46640;783633937406;0x1.6ce871e7fcbp-1;0.712711
46576;775140720831;0x1.68f3f9817ef91p-1;0.704986
46432;771999982747;0x1.677d91c936db5p-1;0.70213
46312;779694264928;0x1.6b12cca4c0358p-1;0.709128
46287;771286055802;0x1.67287676f43e7p-1;0.701481
46227;778526561323;0x1.6a879928560bcp-1;0.708066
46139;770352870759;0x1.66b937eace1ep-1;0.700632
46128;771999982747;0x1.677d91c936db5p-1;0.70213
46124;776195163608;0x1.6971ac8bb17c2p-1;0.705945
45987;772438388197;0x1.67b1d4dbcac77p-1;0.702529
45792;764880653246;0x1.642ce1177d7c7p-1;0.695655
45699;765707576853;0x1.648f74cc2a055p-1;0.696407
45536;758128146010;0x1.6107eaecb5f36p-1;0.689514
45366;755327539767;0x1.5fba0f346f111p-1;0.686966
45318;755899077995;0x1.5ffe312ad7d04p-1;0.687486
44896;747795941883;0x1.5c383913f68adp-1;0.680116
44820;751111472445;0x1.5dc3770a7a50ep-1;0.683132
44752;740989041516;0x1.590cc6f6d92c8p-1;0.673926
44704;752122282575;0x1.5e3bf6849f186p-1;0.684051
44488;745319015703;0x1.5b10f34a2f1eep-1;0.677864
44448;733007751850;0x1.5555555555556p-1;0.666667
44424;748274314633;0x1.5c713fdb1271ap-1;0.680552
44413;746281947781;0x1.5b83bda50a26fp-1;0.678739
44304;742671322795;0x1.59d5521d57e76p-1;0.675456
44125;737162101364;0x1.57449204e9fe9p-1;0.670445
44040;739653631363;0x1.586d957b06adbp-1;0.672711
43796;732890049167;0x1.55474d551f4f2p-1;0.66656
43616;728556255006;0x1.5342ac6e3ce1cp-1;0.662618
42858;721922110889;0x1.502bd26b52249p-1;0.656584
42564;713638854312;0x1.4c50617d50fdfp-1;0.649051
42346;704213828103;0x1.47ecd4840f7f9p-1;0.640479
42183;709212042556;0x1.4a40a9ea79911p-1;0.645025
42143;701851795351;0x1.46d340ff2ed07p-1;0.63833
42002;700591914391;0x1.463d107b2e7d8p-1;0.637185
41768;697729131783;0x1.44e7cb4a0f245p-1;0.634581
41730;695446712907;0x1.43d7b56496588p-1;0.632505
41704;703140141122;0x1.476cd630859a2p-1;0.639502
41680;701278233352;0x1.468ee146109a9p-1;0.637809
41616;697443393442;0x1.44c5bb3f45864p-1;0.634321
41426;693112215999;0x1.42c16a337eb9p-1;0.630382
41397;694003805168;0x1.432bb357e061p-1;0.631193
41320;693379898658;0x1.42e1533a4526cp-1;0.630625
41168;694710470388;0x1.437ff10de9e75p-1;0.631835
41120;685868821811;0x1.3f61ef5a664f4p-1;0.623794
41092;686885138701;0x1.3fdb16e21a453p-1;0.624718
41058;684505730040;0x1.3ebf7117f14eap-1;0.622554
40905;682078939984;0x1.3d9e2556a0534p-1;0.620347
40825;686415343458;0x1.3fa315dec52ep-1;0.624291
40618;676349628419;0x1.3af328a0065ap-1;0.615136
40480;677930651877;0x1.3bafa1a1ca51dp-1;0.616574
40090;663161844610;0x1.34cf0d6704109p-1;0.603142
39458;662173717227;0x1.34594225d6e3ep-1;0.602243
39324;663776597410;0x1.3518562b45e89p-1;0.603701
38698;645882516184;0x1.2cc33225b1006p-1;0.587427
38560;641357739159;0x1.2aa7cce92eeaap-1;0.583311
38504;645649236063;0x1.2ca76300bf62bp-1;0.587215
38440;649835860656;0x1.2e9a78a561485p-1;0.591022
38056;638897758654;0x1.29828c437ce5bp-1;0.581074
37904;635845235486;0x1.2816a8a63d566p-1;0.578298
37794;634244115143;0x1.2757ca558f0e9p-1;0.576842
37786;636791902026;0x1.2887829e94f76p-1;0.579159
37778;634488890891;0x1.2774f84c162bp-1;0.577064
37776;638517862797;0x1.295542c31b6a3p-1;0.580729
37730;631739723001;0x1.262d3e59f21bap-1;0.574564
37712;631739723001;0x1.262d3e59f21bap-1;0.574564
37573;633782267270;0x1.2720bbdb0d464p-1;0.576422
37493;626971290352;0x1.23f4cd55e1675p-1;0.570227
37452;628749149462;0x1.24c8bd4a2c9a3p-1;0.571844
37440;624151880444;0x1.22a4b3c5f8b2fp-1;0.567663
37416;626963006999;0x1.23f3d08c2f53dp-1;0.57022
37264;624103106072;0x1.229ee34c31325p-1;0.567618
37204;624039196690;0x1.229744f025e07p-1;0.56756
37195;621049333523;0x1.2132d98e26bb3p-1;0.564841
37088;621298977430;0x1.21509c152d9e8p-1;0.565068
37032;623263724035;0x1.223ad36407c8cp-1;0.566855
34464;580739786538;0x1.0e6d93ce55535p-1;0.52818
33573;567418698033;0x1.0839947262d7bp-1;0.516064
33352;562847975164;0x1.0618b50df81a2p-1;0.511907
33288;558891490896;0x1.04410ebca0976p-1;0.508309
33268;561688038118;0x1.058e6e95cd7f1p-1;0.510852
33264;559085407301;0x1.04582c988b5dbp-1;0.508485
33256;562689800293;0x1.0605d9f0cb971p-1;0.511763
33252;559671133780;0x1.049dff8ca8b03p-1;0.509018
33248;560498231962;0x1.0500989535a7p-1;0.50977
33242;560868524249;0x1.052cbd01b204ap-1;0.510107
33236;558665093360;0x1.042611a1e0c5p-1;0.508103
33234;552205272629;0x1.0123ff8c6b022p-1;0.502228
33232;560497521562;0x1.050082e73483dp-1;0.50977
33226;557241550130;0x1.037c5e8a6552cp-1;0.506808
33224;559230432140;0x1.046976671952ap-1;0.508617
33221;560701436616;0x1.0518d1e590efcp-1;0.509955
33220;560701436616;0x1.0518d1e590efcp-1;0.509955
33218;559520171171;0x1.048c008947ae2p-1;0.508881
33217;559520171171;0x1.048c008947ae2p-1;0.508881
32832;549755813888;0x1p-1;0.5
31303;506760578861;0x1.d7f5231cb5c03p-2;0.460896
29120;478763082358;0x1.bde20389db818p-2;0.435432
29096;482071558555;0x1.c0f6d0e66ccd2p-2;0.438442
28680;476192784369;0x1.bb7d34ffc598p-2;0.433095
28352;465267512632;0x1.b1506b54e1e2ep-2;0.423158
27788;458153888616;0x1.aab0662da22adp-2;0.416689
27696;462719725749;0x1.aef0fac2d6113p-2;0.420841
27684;458153888616;0x1.aab0662da22adp-2;0.416689
27682;460614552452;0x1.acfb112e10a6p-2;0.418926
27681;453629111591;0x1.a6799bb49dff5p-2;0.412573
27680;459953747814;0x1.ac5d84dd9ba9cp-2;0.418325
27676;453146048753;0x1.a6066fe3c5562p-2;0.412134
27674;453175608018;0x1.a60d7c0b490cap-2;0.412161
27668;454304105027;0x1.a71a8a090d24dp-2;0.413187
27666;455100116067;0x1.a7d852b18d39cp-2;0.413911
27664;455100116067;0x1.a7d852b18d3c9p-2;0.413911
27662;453629111591;0x1.a6799bb49dff5p-2;0.412573
27652;454027992982;0x1.a6d8b57e58151p-2;0.412936
27624;455664116430;0x1.a85eca8b380d8p-2;0.414424
27576;454303376469;0x1.a71a5d915731p-2;0.413187
27383;453862391712;0x1.a6b139fe813aap-2;0.412785
26656;439908051469;0x1.99b240a836478p-2;0.400094
26552;433766884196;0x1.93fa158d93942p-2;0.394509
25770;424828673265;0x1.8ba70c73c6dbdp-2;0.386379
25544;423197464915;0x1.8a2223654f925p-2;0.384896
24746;406486612457;0x1.7a91f5e7a5031p-2;0.369697
24640;404064914868;0x1.78509536d34fp-2;0.367495
24480;404801157387;0x1.79001de42c316p-2;0.368165
24365;398919713384;0x1.7385df09a305p-2;0.362815
24364;400377777321;0x1.74e18032a4932p-2;0.364141
24336;395503047530;0x1.7057464daa37cp-2;0.359708
24117;397337180276;0x1.720c90e1d1b43p-2;0.361376
24051;399128844465;0x1.73b7bb62c49fcp-2;0.363006
24031;395297799672;0x1.702656f7e100ep-2;0.359521
23952;397950987264;0x1.729ee8b0029c6p-2;0.361934
23922;395297799672;0x1.702656f7e100ep-2;0.359521
23888;393736619395;0x1.6eb220160da31p-2;0.358101
23874;395519736342;0x1.705b40e85af0fp-2;0.359723
23792;394882495412;0x1.6fc352ced3c2ap-2;0.359144
23656;394956576900;0x1.6fd4fc621343fp-2;0.359211
23336;382947551292;0x1.64a5cfa0f03e6p-2;0.348289
23297;381897228986;0x1.63ab650ae856dp-2;0.347334
23288;383514175660;0x1.652ce7a2b2666p-2;0.348804
23264;385872773463;0x1.675f3d055e042p-2;0.350949
23114;383678050218;0x1.6553f9beab976p-2;0.348953
22596;374112446849;0x1.5c6b5ba606529p-2;0.340253
22482;366621578608;0x1.55716555c161cp-2;0.33344
21970;366503875925;0x1.5555555555555p-2;0.333333
21954;366503875925;0x1.5555555555555p-2;0.333333
21664;352274724277;0x1.4814d6d6d4c66p-2;0.320392
21514;351715685892;0x1.478f8dd812ea6p-2;0.319884
21152;348400155330;0x1.447911eb0b5e4p-2;0.316868
21146;350521147471;0x1.4672c1013f858p-2;0.318797
21124;345031746287;0x1.4155fa8bbf175p-2;0.313805
21072;343612549780;0x1.40039daa505f8p-2;0.312514
20936;344184088008;0x1.408be19721ddep-2;0.313034
20863;347052321952;0x1.4337b8b2812d8p-2;0.315642
20842;342766290864;0x1.3f39da1ec3f4p-2;0.311744
20831;341383481765;0x1.3df02a2694193p-2;0.310486
20688;335850641900;0x1.38c90867b34bfp-2;0.305454
20656;338577593404;0x1.3b533050f2a92p-2;0.307935
20616;334389205152;0x1.376c99628327p-2;0.304125
20586;338894467052;0x1.3b9ebcbfb08e9p-2;0.308223
20568;337682160881;0x1.3a7db373c5f59p-2;0.30712
20390;332092140741;0x1.3548efb316f9ep-2;0.302036
20209;329158757016;0x1.328d902a63c4p-2;0.299368
20074;330081158917;0x1.33697b1c167f9p-2;0.300207
19892;327511645028;0x1.3104dc6d92496p-2;0.29787
19646;324370906944;0x1.2e180cfd020dep-2;0.295014
19177;314929005775;0x1.254ced133ecb4p-2;0.286426
19040;307226136506;0x1.1e206b3ee9e2p-2;0.279421
19032;313790844652;0x1.243d913bb0ab3p-2;0.285391
18868;310864092749;0x1.2183c679347fbp-2;0.282729
18832;309647814364;0x1.2061cabb71b16p-2;0.281623
18664;307424504474;0x1.1e4fb6aa6a353p-2;0.279601
18351;297439316557;0x1.15030f29371c8p-2;0.270519
18344;304380753503;0x1.1b7a06d97ef85p-2;0.276833
18336;302782740714;0x1.19fd07e3abea2p-2;0.275379
18296;298466685689;0x1.15f800cbe6a4p-2;0.271454
18144;299855249702;0x1.174310049838cp-2;0.272717
18096;296809453581;0x1.146ce36035633p-2;0.269947
18012;297759705630;0x1.154f72287a571p-2;0.270811
17952;299094368361;0x1.168da781a7808p-2;0.272025
17558;285065483275;0x1.097ce8502c1f9p-2;0.259266
17440;290244006201;0x1.0e4f9044e6bcbp-2;0.263975
17279;279898031693;0x1.04ace41935401p-2;0.254566
17248;279096424225;0x1.03edc5dc866d2p-2;0.253837
17077;279438927425;0x1.043f6e990400ap-2;0.254148
17039;277474197108;0x1.026b00f9d1efap-2;0.252361
16944;275447514784;0x1.0087ce1a81273p-2;0.250518
16924;273162428637;0x1.fccdff06efa9dp-3;0.24844
16911;279685388329;0x1.047a3160a568fp-2;0.254372
16839;280068948078;0x1.04d5a401b8cb5p-2;0.254721
16816;280557304684;0x1.054a12edb1c4ep-2;0.255165
16776;276324346452;0x1.0158dba9500d9p-2;0.251316
16672;274422357271;0x1.ff26c6e8ba85p-3;0.249586
16496;274877906944;0x1p-2;0.25
16456;274877906944;0x1p-2;0.25
16400;269995728302;0x1.f6e7feed70a3cp-3;0.24556
16396;266046464871;0x1.ef8cd71b3a50ap-3;0.241968
16296;269995728302;0x1.f6e7feed70a3cp-3;0.24556
16148;266896617278;0x1.f1223979f0a36p-3;0.242741
16136;263392338757;0x1.ea9b411a2a9bep-3;0.239554
16102;262469025494;0x1.e8e2fbf6b761fp-3;0.238714
16088;257760046782;0x1.e01d9175f0ea5p-3;0.234431
15529;252951527134;0x1.d728aff6f518cp-3;0.230058
15491;246723783872;0x1.cb8f1166054fep-3;0.224394
15400;246723783872;0x1.cb8f1166055p-3;0.224394
15264;243555989167;0x1.c5a88bb57e469p-3;0.221513
15032;245958427342;0x1.ca221e1671504p-3;0.223698
14936;240721499549;0x1.c060f4ace9f1cp-3;0.218935
14896;245958427342;0x1.ca221e1671504p-3;0.223698
14890;244925434562;0x1.c8358c561155p-3;0.222758
14880;238756922123;0x1.bcb82c185c234p-3;0.217148
14828;237801340558;0x1.baf083f4723bp-3;0.216279
14556;236112565729;0x1.b7cb3eaf0afdp-3;0.214743
14544;233367087204;0x1.b2ae194320e3p-3;0.212246
14496;237820129578;0x1.baf97989555f6p-3;0.216296
14324;237964398027;0x1.bb3e446e5fd89p-3;0.216427
14171;232701033955;0x1.b1707fef199b8p-3;0.21164
14145;229621693638;0x1.abb427e634da9p-3;0.20884
14040;233885952387;0x1.b3a5834c1bc8dp-3;0.212718
13882;225142451910;0x1.a35c4976353b1p-3;0.204766
13740;226757631921;0x1.a65e76fd8a24bp-3;0.206235
13672;216313549488;0x1.92ea569584bf1p-3;0.196736
13648;222900568425;0x1.9f2f460b4e1d7p-3;0.202727
13472;216318524036;0x1.92ecb5d42098dp-3;0.196741
13370;216139923093;0x1.92978bf4a8da2p-3;0.196578
13363;213376414437;0x1.8d71cd972e1f8p-3;0.194065
13296;212595023465;0x1.8bfd34f34f569p-3;0.193354
13244;219902325555;0x1.999999999999ap-3;0.2
13107;211446187658;0x1.89d9663456c49p-3;0.192309
13085;201964467156;0x1.7830299ea25c4p-3;0.183686
13020;213602183978;0x1.8ddd755952621p-3;0.19427
12920;211065285635;0x1.8923c5601eaep-3;0.191963
12820;200432684885;0x1.7555c07aac318p-3;0.182292
12672;203626909979;0x1.7b48e088d98dp-3;0.185198
12624;207370139556;0x1.8241c9bd22fb3p-3;0.188602
12614;202032409332;0x1.78508f57a46f8p-3;0.183747
12576;205100250547;0x1.7e076bad9a8e4p-3;0.186538
12552;201189903139;0x1.76bed259185c2p-3;0.182981
12336;195606170152;0x1.6c584a514643p-3;0.177903
12256;200319667228;0x1.751fdc60e3939p-3;0.18219
12201;197615025183;0x1.70162fe0fcbb5p-3;0.17973
12184;198104104412;0x1.70ff65eee267ep-3;0.180175
12127;191367872134;0x1.64734ff432c68p-3;0.174048
11992;193492113913;0x1.68683acfca57p-3;0.17598
11982;191693415694;0x1.650e8b28722acp-3;0.174344
11930;197238331357;0x1.6f6290beec866p-3;0.179387
11884;193957292910;0x1.69460b5b73d1cp-3;0.176403
11854;195072047475;0x1.6b5999cb9dd3dp-3;0.177417
11796;190456890321;0x1.62c0ec1e8a2aep-3;0.17322
11672;187651047951;0x1.5d86fe107c067p-3;0.170668
11536;187418019541;0x1.5d17e036ac827p-3;0.170456
11512;187565769718;0x1.5d5e541fb3b28p-3;0.17059
11488;186353174216;0x1.5b1c1e364171ap-3;0.169487
11465;183205520774;0x1.553f332c3428ap-3;0.166624
11342;185477686384;0x1.597aa723863c8p-3;0.168691
11337;178743758535;0x1.4cefaa7638f18p-3;0.162567
11311;181308376648;0x1.51b6923247856p-3;0.164899
11288;180544921043;0x1.504a86ee9ad2bp-3;0.164205
11272;178158227423;0x1.4bd8767ef9cf6p-3;0.162034
11152;179756853577;0x1.4ed2bf4a4afa5p-3;0.163488
11108;177959029287;0x1.4b797a5138424p-3;0.161853
11068;183251937962;0x1.5555555555555p-3;0.166667
10992;180050102302;0x1.4f5e9440f3d69p-3;0.163755
10912;170864927648;0x1.3e42bf1d02028p-3;0.155401
10848;173694672600;0x1.438812f6c1cf4p-3;0.157974
10758;165333304606;0x1.33f51028f049cp-3;0.15037
10723;173606549320;0x1.435e0dba460bcp-3;0.157894
10600;166953307559;0x1.36f98a6d3e2bap-3;0.151843
10464;163711142807;0x1.30ef8e5cbd5eap-3;0.148894
10460;168593177248;0x1.3a077dd503294p-3;0.153335
10451;167346186248;0x1.37b4e14043edcp-3;0.1522
10420;169999098572;0x1.3ca5e31662793p-3;0.154613
10416;168165959969;0x1.393bc7490ef1p-3;0.152946
10411;169463764181;0x1.3ba69ea6ad064p-3;0.154126
10408;166717706284;0x1.3689328165282p-3;0.151629
10379;164412972329;0x1.323e36e94e459p-3;0.149533
10378;163536424458;0x1.309c3e7053bp-3;0.148736
10371;162410749442;0x1.2e837af0169acp-3;0.147712
10325;163408354906;0x1.305f2cf2d3c01p-3;0.148619
10272;166937965741;0x1.36f239a56c594p-3;0.151829
10096;163876098318;0x1.313e368874486p-3;0.149044
10048;162048644979;0x1.2dd6d0bb9c007p-3;0.147382
10016;162234346049;0x1.2e2f5d520ed5ap-3;0.147551
9952;159543897448;0x1.292c756b440ecp-3;0.145104
9924;156771356136;0x1.2402686f4354dp-3;0.142583
9904;163190763533;0x1.2ff76b806ec1fp-3;0.148421
9901;156673146812;0x1.23d393fde6bbep-3;0.142493
9884;163536619789;0x1.309c56486a712p-3;0.148736
9864;158570146094;0x1.275c2349775c7p-3;0.144219
9776;160749107379;0x1.2b6b25c59ab8ap-3;0.1462
9768;154804909595;0x1.2058bbb0d8875p-3;0.140794
9766;155355248788;0x1.215f27c4a064ap-3;0.141295
9744;157943265009;0x1.263137b78c91ap-3;0.143649
9704;155695552234;0x1.22016cb75770cp-3;0.141604
9688;157898983123;0x1.261c1a369c6f4p-3;0.143608
9681;155132140940;0x1.20f4c4ec65125p-3;0.141092
9641;152821056178;0x1.1ca6c21592f42p-3;0.13899
9568;154309413996;0x1.1f6c76636537p-3;0.140344
9481;157073089682;0x1.2492492492492p-3;0.142857
9478;157073089682;0x1.2492492492492p-3;0.142857
9476;155967329199;0x1.2283049d79904p-3;0.141851
9473;153947319049;0x1.1ebfcd584d7c7p-3;0.140014
9444;155792478481;0x1.222fa4888c34p-3;0.141692
9404;154936007789;0x1.20973ee368edap-3;0.140913
9401;146867065151;0x1.118fac89fb113p-3;0.133575
9367;144041095523;0x1.0c4c258b1d3ccp-3;0.131005
9360;151974263058;0x1.1b12f9c895faep-3;0.13822
9300;147343190660;0x1.1272b554220f9p-3;0.134008
9238;136905251296;0x1.fe03059e037c1p-4;0.124515
9196;147316386001;0x1.1265ed4689e7fp-3;0.133983
9184;147661913167;0x1.130aafe27893cp-3;0.134298
9177;144565258177;0x1.0d46163e0b816p-3;0.131481
9176;146416859154;0x1.10b8ffc094866p-3;0.133165
9103;138040836506;0x1.011f000cd29fcp-3;0.125547
9096;144096177126;0x1.0c66695f37711p-3;0.131055
9088;141394197343;0x1.075e01dafc337p-3;0.128597
9067;144394545092;0x1.0cf4af3e20d34p-3;0.131326
9044;146696154292;0x1.113e2d65a698ep-3;0.133419
9002;144467137496;0x1.0d174c9ec5dbep-3;0.131392
8998;144793001774;0x1.0db2aef970cf2p-3;0.131688
8948;145049048534;0x1.0e2cc6aeb7063p-3;0.131921
8932;145254102182;0x1.0e8e8da537f5p-3;0.132108
8920;145019816416;0x1.0e1ed64f002c7p-3;0.131895
8874;141232441250;0x1.0710e03d12a2cp-3;0.12845
8848;144831080488;0x1.0dc4d74140628p-3;0.131723
8798;145807521451;0x1.0f9671b5584c1p-3;0.132611
8752;141304329268;0x1.073327a1a02c2p-3;0.128516
8732;136522398979;0x1.fc95e7d036fb5p-4;0.124166
8711;138868655022;0x1.02a9bc1d7539dp-3;0.1263
8665;143182799805;0x1.0ab2e11de8458p-3;0.130224
8648;138923959560;0x1.02c41b284193fp-3;0.126351
8624;140772331864;0x1.06357a8ac5e4ap-3;0.128032
8570;136285875290;0x1.fbb456c5ace28p-4;0.123951
8536;138712665347;0x1.025f5a681a5ecp-3;0.126158
8519;139686322874;0x1.042fa115d48a2p-3;0.127044
8480;136109538786;0x1.fb0c2bde28fb4p-4;0.123791
8444;132469083399;0x1.ed7c5cd07c738p-4;0.12048
8340;137255414804;0x1.ff50f6c141798p-4;0.124833
8328;131495757574;0x1.e9dc207067a58p-4;0.119595
8264;125214368516;0x1.d275ba304c6fp-4;0.113882
8256;127377900804;0x1.da8508504fbdp-4;0.11585
8240;129007036694;0x1.e096b2916f0a8p-4;0.117331
8216;129007036694;0x1.e096b2916f0a8p-4;0.117331
8156;129116591914;0x1.e0ff2d72abbcp-4;0.117431
8116;129741423418;0x1.e3531033ad361p-4;0.117999
8099;131792124777;0x1.eaf6c3b69d0ddp-4;0.119864
8080;125761715527;0x1.d47fb7d47a197p-4;0.11438
8079;125393562173;0x1.d3209ea3d81bp-4;0.114045
8059;123954758862;0x1.cdc4784ce517ap-4;0.112736
8051;126728114052;0x1.d81958f84a64bp-4;0.115259
8046;126475115007;0x1.d728119ffbb84p-4;0.115028
8040;127773710751;0x1.dbfe8199fbd4cp-4;0.11621
7984;125704982636;0x1.d4499d06cbdf8p-4;0.114328
7968;126471890629;0x1.d724fe6c52444p-4;0.115026
7935;124371145157;0x1.cf51911c53337p-4;0.113115
7931;125816130084;0x1.d4b39ca247e27p-4;0.114429
7929;132013441820;0x1.ebc9d431cc3e2p-4;0.120066
7904;127438797987;0x1.dabf1bca33c9ep-4;0.115905
7896;128448395948;0x1.de81efaacbda9p-4;0.116823
7811;121010997337;0x1.c2cd14859955ap-4;0.110059
7768;122931708240;0x1.c9f4d01500fc4p-4;0.111806
7710;123341788314;0x1.cb7be549ad93p-4;0.112179
7688;123361891936;0x1.cb8f1166055p-4;0.112197
7660;123361891936;0x1.cb8f1166055p-4;0.112197
7658;121803021119;0x1.c5c069b3fa2c2p-4;0.110779
7624;122947920207;0x1.ca044614f2b91p-4;0.11182
7600;116606922382;0x1.b26506e8e9928p-4;0.106053
7576;118405620601;0x1.b918663799eafp-4;0.107689
7556;122585238546;0x1.c8aa64c12b2ep-4;0.111491
7536;119852127852;0x1.be7be566c9519p-4;0.109005
7512;118070737574;0x1.b7d907aa609e8p-4;0.107385
7468;116699622554;0x1.b2bd6ec9aea52p-4;0.106138
7440;113975238767;0x1.a8974206f3416p-4;0.10366
7368;113266087305;0x1.a5f2f55899ae8p-4;0.103015
7304;117552925236;0x1.b5eb34a34376dp-4;0.106914
7250;109571806909;0x1.982fd16bd3e03p-4;0.099655
7240;113143279284;0x1.a57dd6eb452d3p-4;0.102903
7222;117580186277;0x1.b605342a502aep-4;0.106939
7152;111629178923;0x1.9fd9e182b2d1p-4;0.101526
7144;111088182255;0x1.9dd5f23efa38ep-4;0.101034
7124;112597251359;0x1.a3751b51ff6cp-4;0.102407
7080;113960055282;0x1.a888c71f2537ap-4;0.103646
7056;108479933702;0x1.941e86d0613d7p-4;0.0986619
6980;115265516614;0x1.ad65c344697dap-4;0.104833
6944;111833294539;0x1.a09c8a6cb4651p-4;0.101712
6936;114121411044;0x1.a922a89e47064p-4;0.103793
6912;107120970411;0x1.8f0e84aab4962p-4;0.097426
6888;100916262421;0x1.77f13f615a07ep-4;0.0917828
6858;111938924245;0x1.a10146ed546edp-4;0.101808
6824;107660639936;0x1.91112fec0ec4ap-4;0.0979168
6814;106355087586;0x1.8c341d8e23dfbp-4;0.0967294
6776;110630739797;0x1.9c21b1f553e32p-4;0.100618
6768;103885283764;0x1.8300ba1b47c8cp-4;0.0944831
6752;101109535874;0x1.78a991482ce4ep-4;0.0919586
6652;106517375784;0x1.8ccee2b289c9dp-4;0.096877
6546;103058313584;0x1.7fec111707febp-4;0.093731
6496;105678293530;0x1.89aeaca1a9bdbp-4;0.0961138
6494;102595671740;0x1.7e32db6bc1ep-4;0.0933102
6480;100948232616;0x1.780fbc9a86b66p-4;0.0918119
6412;103368362243;0x1.8113c09038b4cp-4;0.094013
6376;98108521997;0x1.6d7b93e0d90b8p-4;0.0892292
6368;100173502670;0x1.752ce58ce3e9p-4;0.0911073
6344;101308766354;0x1.7967918923ef3p-4;0.0921398
6282;98161899553;0x1.6dae7b821b978p-4;0.0892777
6256;91278620220;0x1.540a1363c2a0ap-4;0.0830174
6234;97805316616;0x1.6c5a6b2080064p-4;0.0889534
6216;99296681902;0x1.71e8b1fae474p-4;0.0903098
6172;98237455017;0x1.6df689aa9fa9cp-4;0.0893464
6158;99679091009;0x1.735563941d364p-4;0.0906576
6112;97691485193;0x1.6beddc4099db7p-4;0.0888499
6104;97804582722;0x1.6c59b7f428995p-4;0.0889527
6096;94643729858;0x1.60934b5c2af94p-4;0.086078
6094;99729928346;0x1.7385df09a305p-4;0.0907038
6008;88348192423;0x1.491f66ea7201fp-4;0.0803522
5992;95767752280;0x1.64c33ee588873p-4;0.0871003
5990;99186263497;0x1.717f645c997a6p-4;0.0902094
5980;90666932099;0x1.51c2b97831bf3p-4;0.0824611
5936;98256342340;0x1.6e088cd44175ap-4;0.0893636
5920;90222071054;0x1.501a78d0e5562p-4;0.0820565
5896;92128571217;0x1.5734a6f51d63p-4;0.0837904
5890;88406422773;0x1.4956ef4f5e399p-4;0.0804052
5816;90446098603;0x1.50f01f0ab486p-4;0.0822602
5804;90446098603;0x1.50f01f0ab486p-4;0.0822602
5796;90446098603;0x1.50f01f0ab486p-4;0.0822602
5710;92759259735;0x1.598e1fa57f3a4p-4;0.0843641
5680;89277861380;0x1.4c9600e04a799p-4;0.0811977
5660;92331734552;0x1.57f667618e963p-4;0.0839752
5626;91315819700;0x1.542d8d4b404aep-4;0.0830513
5592;89271899020;0x1.4c905138c54e7p-4;0.0811923
5540;83146074729;0x1.35be46a6984bep-4;0.0756209
5534;91625968981;0x1.5555555555555p-4;0.0833333
5532;91625968981;0x1.5555555555555p-4;0.0833333
5528;83913990146;0x1.389a9e0026faap-4;0.0763193
5520;84914643781;0x1.3c54ea34589ccp-4;0.0772294
5504;85495639443;0x1.3e7efed93b608p-4;0.0777578
5476;79550351895;0x1.285920a17d2aap-4;0.0723506
5376;84517987897;0x1.3adaa263924d2p-4;0.0768687
5312;82887938432;0x1.34c81918045f7p-4;0.0753861
5248;72362639695;0x1.0d926414ff984p-4;0.0658134
4872;75426663690;0x1.18fc78d0a2f9cp-4;0.0686002
4864;76318252859;0x1.1c4ec1f3b039ep-4;0.069411
4832;74958229738;0x1.173dbd0eaa8d2p-4;0.0681741
4822;74723943971;0x1.165e4e623b038p-4;0.067961
4808;77120768246;0x1.1f4c188f62399p-4;0.0701409
4780;73745883180;0x1.12b98e02cb3c8p-4;0.0670715
4772;75926013043;0x1.1ad8b04736db3p-4;0.0690543
4768;73411492958;0x1.117aa7c5e2466p-4;0.0667674
4736;72997017644;0x1.0fef6182cdb84p-4;0.0663904
4720;74645636990;0x1.1613a077e281ap-4;0.0678898
4656;72446950455;0x1.0de2cbc371d8ep-4;0.0658901
4640;69882538873;0x1.04552eb79ef06p-4;0.0635578
4620;74373671216;0x1.1510429305a3bp-4;0.0676425
4608;66986736670;0x1.f3170f83c40dp-5;0.0609241
4528;69204975352;0x1.01cf01ef8b2b4p-4;0.0629416
4512;71113570777;0x1.08eb2f9d918dfp-4;0.0646774
4492;63798672234;0x1.db564f6d585ep-5;0.0580246
4388;67114418784;0x1.f40a984c069p-5;0.0610402
4300;65464474037;0x1.e7bf9336b6ecep-5;0.0595396
4288;63531164046;0x1.d9581431c5c9p-5;0.0577813
4228;65639706321;0x1.e90dcdda320dcp-5;0.059699
4216;64012363557;0x1.dcede4e4a3e36p-5;0.0582189
4192;64276487099;0x1.dee5ab776271dp-5;0.0584591
4176;68278580057;0x1.fcb70e6b37524p-5;0.062099
4172;64624404657;0x1.e17d45162bd4p-5;0.0587756
4164;65085572052;0x1.e4ece07a93d48p-5;0.059195
4160;63627329490;0x1.da0f7ffa4e10cp-5;0.0578687
4128;64497107880;0x1.e08a78750b903p-5;0.0586598
4116;66085124806;0x1.ec5f5f58d9afp-5;0.0601041
4112;66655805626;0x1.f09fdc174b8e6p-5;0.0606231
4096;62852491318;0x1.d4499d06cbdf7p-5;0.057164
4080;64003115031;0x1.dcdc4102e0fap-5;0.0582105
4040;59149659569;0x1.b8b305b623a42p-5;0.0537963
4012;63195799274;0x1.d6d86bdd57f8ap-5;0.0574762
3976;58628922540;0x1.b4d1cb9596faap-5;0.0533227
3928;59128990748;0x1.b88b998386d6bp-5;0.0537775
3908;54427859561;0x1.9584e74d2dcc8p-5;0.0495018
3856;56233113292;0x1.a2f826d98871p-5;0.0511437
3776;57012592916;0x1.a8c6e422910bcp-5;0.0518527
3768;58354661919;0x1.b2c6af43e3bcp-5;0.0530733
3728;54057564265;0x1.92c29f0d2238ep-5;0.0491651
3668;51831010692;0x1.822bceb08b229p-5;0.04714
3664;55728399369;0x1.9f357c8124b18p-5;0.0506847
3648;57198909809;0x1.aa2a432e3c07ap-5;0.0520221
3600;54653673247;0x1.97339be3e773p-5;0.0497072
3584;57027443421;0x1.a8e3375bbca61p-5;0.0518662
3508;53955980262;0x1.9200dd7cc49aap-5;0.0490727
3458;50708905033;0x1.79cf8f8939bfp-5;0.0461195
3456;54240032941;0x1.941ea715a2728p-5;0.049331
3454;52363737603;0x1.8623e74060d06p-5;0.0476245
3406;52655612360;0x1.88509c391a6dp-5;0.04789
3392;53636514507;0x1.8f9f88596a054p-5;0.0487821
3384;52271867905;0x1.8574ad003f3ddp-5;0.047541
3382;51198766813;0x1.7d75e5dbbc09ep-5;0.046565
3366;50299425729;0x1.76c28a7835147p-5;0.0457471
3360;46507554484;0x1.5a821ed69c46ep-5;0.0422984
3344;52956596360;0x1.8a8eb11110f0cp-5;0.0481637
3328;52631859906;0x1.88234e584614dp-5;0.0478684
3296;49342872507;0x1.6fa20f776cf8ap-5;0.0448771
3280;51446780557;0x1.7f4ef251bdb95p-5;0.0467906
3272;53758285102;0x1.9087caa5ce1ddp-5;0.0488929
3264;53455230132;0x1.8e45c29696158p-5;0.0486172
3248;49232461808;0x1.6ecf77fe1f3dp-5;0.0447767
3220;49142242575;0x1.6e2363a1eb9c8p-5;0.0446946
3216;49156201615;0x1.6e3e0391e0dc9p-5;0.0447073
3200;44928990636;0x1.4ebf3fb59ecbp-5;0.0408627
3136;42286793515;0x1.3b0fa86566676p-5;0.0384596
3130;48030277126;0x1.65da7bc0d192cp-5;0.0436833
3104;50011451833;0x1.749d4637370bep-5;0.0454852
3068;45958670146;0x1.566b34e850242p-5;0.0417992
3040;41535633268;0x1.3576eeee9b0d4p-5;0.0377764
3008;48349682844;0x1.683bb3939eb2ep-5;0.0439738
2976;45857683401;0x1.55aa96f920926p-5;0.0417073
2960;47948185360;0x1.653de7e20b7bap-5;0.0436086
2944;43200311734;0x1.41de0e36c47f2p-5;0.0392905
2904;42943231509;0x1.3ff3b6c2a767ep-5;0.0390566
2880;42253106650;0x1.3acf67bb5885cp-5;0.038429
2868;40401767420;0x1.2d04417f88b88p-5;0.0367452
2864;44369461690;0x1.4a9408375663cp-5;0.0403538
2834;44037411199;0x1.481ab22fee59ap-5;0.0400518
2828;36350905528;0x1.0ed5d99710098p-5;0.033061
2800;42983858496;0x1.4041342807752p-5;0.0390936
2772;40955341537;0x1.31241d5c34af6p-5;0.0372487
2720;38250980892;0x1.1cfdf4c387418p-5;0.0347891
2640;38638977423;0x1.1fe20031f2b28p-5;0.0351419
2624;39919331154;0x1.296c14ea52a7ap-5;0.0363064
2620;37510371295;0x1.17795afbf508p-5;0.0341155
2616;41815223088;0x1.378c356608dd8p-5;0.0380307
2600;40006551627;0x1.2a127109629c3p-5;0.0363857
2576;35262982791;0x1.06bacd50f9eb9p-5;0.0320715
2560;40000730272;0x1.2a07569404208p-5;0.0363805
2536;35759115571;0x1.0a6d19a67f09dp-5;0.0325227
2520;38721706504;0x1.207fcb41074dcp-5;0.0352172
2496;37556677231;0x1.17d1ad4deb44ap-5;0.0341576
2464;37592164616;0x1.18155d211f5bcp-5;0.0341899
2460;36710968705;0x1.11849db03bfbap-5;0.0333884
2440;33146230893;0x1.edead61b41054p-6;0.0301463
2432;34814454602;0x1.03634d695df54p-5;0.0316636
2424;33068782440;0x1.ecc364da3195p-6;0.0300759
2384;37152266246;0x1.14ce5300c321p-5;0.0337898
2376;33409671671;0x1.f1d7c87dc672cp-6;0.0303859
2352;34042791024;0x1.fb46f11c1c57dp-6;0.0309617
2320;34734218062;0x1.02ca4369d3d33p-5;0.0315906
2310;36066000888;0x1.0cb66fff1c29p-5;0.0328018
2292;35451695862;0x1.0822be5ec2952p-5;0.0322431
2288;34193992031;0x1.fd87ba57f0b9p-6;0.0310993
2276;31848233814;0x1.da935ed591dp-6;0.0289658
2272;30054570918;0x1.bfd916e9b19d4p-6;0.0273345
2266;35094783428;0x1.0579fcb890b5p-5;0.0319185
2264;29286878874;0x1.b46893a697de2p-6;0.0266363
2260;32716127283;0x1.e7821f0ccd86p-6;0.0297551
2256;35385414186;0x1.07a4524546e1p-5;0.0321828
2240;35070627022;0x1.054be999d97f5p-5;0.0318965
2216;34427139488;0x1.00808eb40edb8p-5;0.0313113
2208;33273579870;0x1.efd0a2578f80ap-6;0.0302621
2176;33201591450;0x1.eebe052683e5ap-6;0.0301967
2148;27136826241;0x1.945ec6e051c42p-6;0.0246808
2144;26698480485;0x1.8dd69ed9799cp-6;0.0242821
2112;32447655158;0x1.e381fb3d8c94p-6;0.029511
2090;30972038226;0x1.cd84f314b85c3p-6;0.0281689
2088;31079590303;0x1.cf1f3a67cfc3p-6;0.0282667
2082;32074208773;0x1.ddf1658162b21p-6;0.0291713
2080;31491722074;0x1.d54362d6afaeep-6;0.0286416
2074;26345507872;0x1.88942308212eap-6;0.0239611
2072;29560902804;0x1.b87de52510074p-6;0.0268855
2064;29452232840;0x1.b6df5a2226dd8p-6;0.0267866
2048;29751939397;0x1.bb56a4517f258p-6;0.0270592
2016;31769980497;0x1.d968db94575dcp-6;0.0288946
1980;28650374517;0x1.aaec815d4416ap-6;0.0260574
1976;23768340076;0x1.622d059b15cp-6;0.0216172
1968;31505941839;0x1.d579a153df40cp-6;0.0286545
1952;28189081904;0x1.a40cd04c2488p-6;0.0256378
1936;28053011871;0x1.a205bf67e131ep-6;0.0255141
1926;29501133270;0x1.b799e47593414p-6;0.0268311
1920;29463954078;0x1.b70c10a792038p-6;0.0267973
1908;28682071034;0x1.ab656afe87e82p-6;0.0260862
1894;29249369964;0x1.b3d97ddb33da2p-6;0.0266021
1892;25733304588;0x1.7f74c4431d56cp-6;0.0234043
1888;24855184978;0x1.725f0194a7a84p-6;0.0226057
1880;28316521826;0x1.a5f2f55899aeap-6;0.0257537
1878;27649078254;0x1.9c00dcfb880fp-6;0.0251467
1872;30061248620;0x1.bff2901b311bp-6;0.0273405
1856;27864199684;0x1.9f357c8124b18p-6;0.0253423
1844;28042333097;0x1.a1dd02ea52241p-6;0.0255044
1824;29657661262;0x1.b9eeffd38e663p-6;0.0269735
1820;25874907487;0x1.8190f057e8478p-6;0.0235331
1800;23844818470;0x1.6350c38988adp-6;0.0216867
1796;28550551217;0x1.a96fb5ac730a2p-6;0.0259666
1792;20339213131;0x1.2f13f0d2d6ep-6;0.0184984
1784;25369374562;0x1.7a087bd8841p-6;0.0230733
1776;24983160164;0x1.74473159355c4p-6;0.0227221
1760;28190007371;0x1.a4105812de57cp-6;0.0256387
1756;25177003924;0x1.772aa5e516a1p-6;0.0228984
1744;26354744868;0x1.88b75f892108cp-6;0.0239695
1742;25145230020;0x1.76b170b11cbbcp-6;0.0228695
1732;26226782854;0x1.86cf3ca1ab3p-6;0.0238531
1728;23570125282;0x1.5f38e478a565cp-6;0.0214369
1712;23101854986;0x1.583e9542b186p-6;0.021011
1702;21785083685;0x1.449f7fc977a4p-6;0.0198134
1696;24276887919;0x1.69c0fa5bf4798p-6;0.0220797
1680;17525602530;0x1.0526de389cabp-6;0.0159394
1664;24961341462;0x1.73f3f6058ae2ap-6;0.0227022
1656;20339213131;0x1.2f13f0d2d6ep-6;0.0184984
1648;26133539479;0x1.856b8aa5ddbf7p-6;0.0237683
1632;24158917782;0x1.67fef525b58ap-6;0.0219724
1624;18686229064;0x1.16724e9201dcp-6;0.016995
1618;24690410835;0x1.6fea7154d3af3p-6;0.0224558
1616;24843469189;0x1.72325061659f8p-6;0.022595
1614;24917894882;0x1.734e39b89eb2cp-6;0.0226627
1610;22560271315;0x1.502c9af4effap-6;0.0205184
1608;16320799105;0x1.e665d0c0a3f98p-7;0.0148437
1600;24519331484;0x1.6d5dd3a707daep-6;0.0223002
1586;23761569666;0x1.621331e0ace4p-6;0.021611
1584;24583538753;0x1.6e52c2106c3bap-6;0.0223586
1568;22826955308;0x1.5425ec8b0eaap-6;0.020761
1562;16548086758;0x1.ed2be1f341c4p-7;0.0150504
1540;17560298957;0x1.05ab3973708a8p-6;0.015971
1536;22653217461;0x1.518f2aad47befp-6;0.020603
1528;17945837927;0x1.0b69f059fa2adp-6;0.0163216
1520;22259039803;0x1.4baf7f8ee7908p-6;0.0202445
1504;18214382926;0x1.0f6a5b53b91dp-6;0.0165659
1496;18197094062;0x1.0f2867abb144p-6;0.0165502
1488;20308405636;0x1.2e9e6b6105ed4p-6;0.0184704
1472;21444438103;0x1.3f8c0a15c2a0cp-6;0.0195036
1456;19510942652;0x1.22bc56ef212ap-6;0.0177451
1448;20166703710;0x1.2c81de97ae3dp-6;0.0183415
1440;18149594922;0x1.0e7335caa15bp-6;0.016507
1424;13555152261;0x1.93f99ac2a4e6p-7;0.0123283
1416;15908882922;0x1.da1f24f53b67p-7;0.014469
1408;21987467085;0x1.47a387d35c37ep-6;0.0199975
1392;18118155515;0x1.0dfb473ef471p-6;0.0164784
1376;20345279042;0x1.2f2b149091d94p-6;0.0185039
1368;17227164111;0x1.00b46a73c047p-6;0.015668
1360;20095507515;0x1.2b72470eda678p-6;0.0182768
1344;19885267006;0x1.2850460f96094p-6;0.0180855
1328;15297204458;0x1.c7e468755aacp-7;0.0139127
1308;10120973703;0x1.2da0e6c3ed1ap-7;0.00920497
1304;17379038094;0x1.02f7c4e386634p-6;0.0158061
1300;16968405282;0x1.f9b2a89161b78p-7;0.0154327
1296;12659719738;0x1.7949ff1d0e74p-7;0.0115139
1280;18244515749;0x1.0fdd4de9433a3p-6;0.0165933
1264;17593236786;0x1.0628df4cb6c41p-6;0.016001
1252;17489689217;0x1.049ddea07aecp-6;0.0159068
1244;12033384257;0x1.669f6fa0bc5p-7;0.0109443
1232;17735142927;0x1.08463383d2c6cp-6;0.01613
1216;17062200721;0x1.fc7e42c8def5cp-7;0.015518
1200;14524706221;0x1.b0deb6d6f53ap-7;0.0132101
1192;15094363441;0x1.c1d8da98cb2a8p-7;0.0137282
1184;11454111458;0x1.555bef715c9d8p-7;0.0104175
1176;11425255478;0x1.547fc81b09d6p-7;0.0103912
1168;16672442979;0x1.f0e0a531f29p-7;0.0151635
1152;17054910470;0x1.fc46a40358cb3p-7;0.0155114
1140;15386671241;0x1.ca8efc44fa1cap-7;0.0139941
1136;11828378939;0x1.60835e9d8fb1ep-7;0.0107578
1128;13468528305;0x1.9164b75892f8p-7;0.0122496
1124;17385317774;0x1.030fb963a2e4p-6;0.0158119
1120;13398027018;0x1.8f4ad5854053p-7;0.0121854
1104;14552899512;0x1.b1b5cfdc5accp-7;0.0132358
1088;13041311026;0x1.84a94e994f746p-7;0.011861
1060;13347973947;0x1.8dccf59d81fc2p-7;0.0121399
1048;12936274160;0x1.8187f0787c184p-7;0.0117655
1000;10151128446;0x1.2e86f6bf65cfp-7;0.0092324
940;11876688131;0x1.61f3f081ca7ap-7;0.0108018
932;7818156960;0x1.d1ff9ba007cp-8;0.00711057
912;5068989070;0x1.2e22a28e001p-8;0.00461022
896;11638401040;0x1.5ad9f4087c72cp-7;0.0105851
884;12842655047;0x1.7ebdaea3ad4a6p-7;0.0116803
768;7013828397;0x1.a20e872db1bdp-8;0.00637904
754;5220161257;0x1.372556e903a8p-8;0.00474771
724;10580062292;0x1.3b4f782a2c58ep-7;0.00962251
640;6609671860;0x1.89f796b4283e4p-8;0.00601146
576;3051839837;0x1.6bcec2ba569p-9;0.00277563
448;5486122266;0x1.46ff951a42cp-8;0.0049896
