algorithm;filename;run_number;internal_time;external_time;external_memory;opt;
mgreendp;rr_n1024-0-s321446c2108424.ukp;1;0.00689171;0.02;35284;2399816;
mgreendp;rr_n1024-1-s837176c2141802.ukp;1;0.00408137;0.01;27164;2323664;
mgreendp;rr_n1024-2-s465040c2097300.ukp;1;0.00351677;0.01;27968;2219809;
mgreendp;rr_n1024-3-s286473c2142478.ukp;1;0.00780425;0.02;35524;2225213;
mgreendp;rr_n1024-4-s57635c2136861.ukp;1;0.0035775;0.01;29084;2355672;
mgreendp;rr_n1024-5-s73266c2149076.ukp;1;0.00643899;0.01;33044;2474806;
mgreendp;rr_n1024-6-s460116c2149608.ukp;1;0.00305356;0.01;22364;2334360;
mgreendp;rr_n1024-7-s245741c2158930.ukp;1;0.00493666;0.01;28752;2207743;
mgreendp;rr_n1024-8-s90643c2128174.ukp;1;0.00330889;0.01;27848;2308469;
mgreendp;rr_n1024-9-s36374c2133152.ukp;1;0.00624702;0.02;34376;2198462;
mgreendp;rr_n131072-0-s137962c275540577.ukp;1;9.54681;9.83;4159524;277114495;
mgreendp;rr_n131072-1-s615086c275028465.ukp;1;15.8656;16.15;4027764;277462992;
mgreendp;rr_n131072-2-s750175c269931501.ukp;1;12.3451;12.63;4090264;271220285;
mgreendp;rr_n131072-3-s608776c271726715.ukp;1;10.3779;10.67;4073112;274570658;
mgreendp;rr_n131072-4-s157673c273195129.ukp;1;21.56;21.84;4209816;276036491;
mgreendp;rr_n131072-5-s593483c274086777.ukp;1;45.1229;45.40;4211116;275615782;
mgreendp;rr_n131072-6-s18085c271251137.ukp;1;61.0035;61.29;4180140;273447033;
mgreendp;rr_n131072-7-s927782c271598749.ukp;1;5.9942;6.28;4076760;275619126;
mgreendp;rr_n131072-8-s961444c275599244.ukp;1;100.919;101.20;4250516;277392880;
mgreendp;rr_n131072-9-s31935c273663227.ukp;1;53.1685;53.45;4218780;275922938;
mgreendp;rr_n16384-0-s926607c33963226.ukp;1;0.282577;0.32;500528;34341771;
mgreendp;rr_n16384-1-s446531c33868122.ukp;1;0.416451;0.46;415824;34175379;
mgreendp;rr_n16384-2-s903840c33979172.ukp;1;0.247973;0.29;469940;34578373;
mgreendp;rr_n16384-3-s742583c34057380.ukp;1;0.231421;0.27;528616;34759566;
mgreendp;rr_n16384-4-s512825c33821346.ukp;1;0.21466;0.25;524596;34354551;
mgreendp;rr_n16384-5-s574662c33604711.ukp;1;0.735834;0.78;522484;34133059;
mgreendp;rr_n16384-6-s732257c33658215.ukp;1;0.238328;0.27;408144;34197190;
mgreendp;rr_n16384-7-s639568c34393592.ukp;1;0.899601;0.94;533564;35140452;
mgreendp;rr_n16384-8-s112983c34301805.ukp;1;0.308853;0.35;533420;34873637;
mgreendp;rr_n16384-9-s615173c33900300.ukp;1;0.548829;0.58;467344;34115722;
mgreendp;rr_n2048-0-s56545c4278888.ukp;1;0.0240822;0.03;68752;4491093;
mgreendp;rr_n2048-1-s770636c4254981.ukp;1;0.0187288;0.03;69644;4674855;
mgreendp;rr_n2048-2-s776667c4220739.ukp;1;0.0135454;0.02;62896;4605234;
mgreendp;rr_n2048-3-s458668c4265665.ukp;1;0.0167911;0.02;68248;4304921;
mgreendp;rr_n2048-4-s104987c4298539.ukp;1;0.0076342;0.02;53768;4785280;
mgreendp;rr_n2048-5-s529642c4201830.ukp;1;0.0154425;0.02;67328;4413907;
mgreendp;rr_n2048-6-s113608c4314416.ukp;1;0.0181247;0.03;68980;4464545;
mgreendp;rr_n2048-7-s821582c4307178.ukp;1;0.00941831;0.02;53732;4894370;
mgreendp;rr_n2048-8-s170676c4282901.ukp;1;0.0233622;0.03;68188;4627593;
mgreendp;rr_n2048-9-s217121c4228857.ukp;1;0.0074583;0.02;53020;4761712;
mgreendp;rr_n32768-0-s964192c68222042.ukp;1;0.860559;0.93;1053784;70209347;
mgreendp;rr_n32768-1-s59271c68063533.ukp;1;0.319144;0.39;1052588;69723062;
mgreendp;rr_n32768-2-s465129c68691104.ukp;1;1.84228;1.92;1062024;71297133;
mgreendp;rr_n32768-3-s477565c68248507.ukp;1;4.90466;4.98;1055896;68905482;
mgreendp;rr_n32768-4-s625841c67701794.ukp;1;0.954307;1.03;1047172;68662555;
mgreendp;rr_n32768-5-s951699c69135084.ukp;1;0.387097;0.46;1069744;70242572;
mgreendp;rr_n32768-6-s651615c68001985.ukp;1;0.249481;0.32;799864;70192300;
mgreendp;rr_n32768-7-s895501c68854074.ukp;1;1.91541;1.99;1064328;70053426;
mgreendp;rr_n32768-8-s650928c67581399.ukp;1;1.02054;1.09;1044496;68686706;
mgreendp;rr_n32768-9-s906564c67717576.ukp;1;0.625853;0.69;1047984;69736137;
mgreendp;rr_n4096-0-s554787c8648473.ukp;1;0.0311623;0.04;137616;8969039;
mgreendp;rr_n4096-1-s844842c8426780.ukp;1;0.104755;0.12;134440;8730620;
mgreendp;rr_n4096-2-s570795c8418444.ukp;1;0.0359382;0.05;107944;8711049;
mgreendp;rr_n4096-3-s582092c8431808.ukp;1;0.0495206;0.06;133124;8815411;
mgreendp;rr_n4096-4-s266267c8538468.ukp;1;0.0541394;0.06;136404;9029837;
mgreendp;rr_n4096-5-s522843c8554388.ukp;1;0.0544371;0.06;136748;8785116;
mgreendp;rr_n4096-6-s225123c8456199.ukp;1;0.0309299;0.04;133456;8725874;
mgreendp;rr_n4096-7-s803015c8579315.ukp;1;0.0302693;0.04;136004;9170254;
mgreendp;rr_n4096-8-s421524c8591657.ukp;1;0.0337992;0.04;136936;9220352;
mgreendp;rr_n4096-9-s619685c8481056.ukp;1;0.0248031;0.04;104376;9070148;
mgreendp;rr_n65536-0-s12476c137089786.ukp;1;1.9343;2.07;2116076;140695305;
mgreendp;rr_n65536-1-s575069c135913288.ukp;1;3.31166;3.45;2098128;140323399;
mgreendp;rr_n65536-2-s776387c135224453.ukp;1;7.06755;7.21;2087640;137731413;
mgreendp;rr_n65536-3-s746956c136503642.ukp;1;8.33352;8.47;2106904;138937359;
mgreendp;rr_n65536-4-s610976c135436398.ukp;1;20.2284;20.37;2090760;137089911;
mgreendp;rr_n65536-5-s10474c137175814.ukp;1;9.30202;9.45;2116860;138494199;
mgreendp;rr_n65536-6-s335984c138002105.ukp;1;5.06747;5.21;2129664;138451229;
mgreendp;rr_n65536-7-s610281c137124907.ukp;1;6.92568;7.07;2116272;138570066;
mgreendp;rr_n65536-8-s430955c135050372.ukp;1;1.14137;1.30;2084700;137356976;
mgreendp;rr_n65536-9-s333973c134961500.ukp;1;7.43126;7.57;2081584;136574993;
mgreendp;rr_n8192-0-s256871c17177173.ukp;1;0.147284;0.17;221824;17492977;
mgreendp;rr_n8192-1-s594742c16980370.ukp;1;0.101434;0.12;203900;17255796;
mgreendp;rr_n8192-2-s909073c16926040.ukp;1;0.117921;0.14;264236;17455275;
mgreendp;rr_n8192-3-s559133c17054980.ukp;1;0.0639937;0.09;206536;17581172;
mgreendp;rr_n8192-4-s264409c17131658.ukp;1;0.104562;0.12;260312;17653989;
mgreendp;rr_n8192-5-s185965c17272912.ukp;1;0.037285;0.06;202084;18490306;
mgreendp;rr_n8192-6-s845341c16956210.ukp;1;0.305174;0.33;266528;17077396;
mgreendp;rr_n8192-7-s995156c16822095.ukp;1;0.114301;0.13;262816;17057428;
mgreendp;rr_n8192-8-s751140c17184972.ukp;1;0.146463;0.17;267728;17451112;
mgreendp;rr_n8192-9-s502089c16789613.ukp;1;0.161912;0.18;218756;17629455
ordered_step_off;rr_n1024-0-s321446c2108424.ukp;1;0.00978162;0.02;36004;2399816;
terminating_step_off;rr_n1024-0-s321446c2108424.ukp;1;0.00941167;0.02;35980;2399816;
eduk;rr_n1024-0-s321446c2108424.ukp;1;0.00667;0.00;5356;2399816;
eduk2;rr_n1024-0-s321446c2108424.ukp;1;0.00333;0.01;3844;2399816;
cpp-mtu1;rr_n1024-0-s321446c2108424.ukp;1;0.00028668;0.02;3396;2399816;
cpp-mtu2;rr_n1024-0-s321446c2108424.ukp;1;0.000122806;0.01;3388;2399816;
ordered_step_off;rr_n1024-1-s837176c2141802.ukp;1;0.0113619;0.02;36568;2323664;
terminating_step_off;rr_n1024-1-s837176c2141802.ukp;1;0.00724075;0.01;31412;2323664;
eduk;rr_n1024-1-s837176c2141802.ukp;1;0.00667;0.01;5044;2323664;
eduk2;rr_n1024-1-s837176c2141802.ukp;1;0.00333;0.01;3792;2323664;
cpp-mtu1;rr_n1024-1-s837176c2141802.ukp;1;0.0012936;0.02;3376;2323664;
cpp-mtu2;rr_n1024-1-s837176c2141802.ukp;1;0.000355414;0.01;3312;2323664;
ordered_step_off;rr_n1024-2-s465040c2097300.ukp;1;0.00922795;0.02;35828;2219809;
terminating_step_off;rr_n1024-2-s465040c2097300.ukp;1;0.00568955;0.01;28884;2219809;
eduk;rr_n1024-2-s465040c2097300.ukp;1;0.01000;0.01;5336;2219809;
eduk2;rr_n1024-2-s465040c2097300.ukp;1;0.00000;0.00;3712;2219809;
cpp-mtu1;rr_n1024-2-s465040c2097300.ukp;1;0.000114819;0.01;3372;2219809;
cpp-mtu2;rr_n1024-2-s465040c2097300.ukp;1;0.000107797;0.01;3376;2219809;
ordered_step_off;rr_n1024-3-s286473c2142478.ukp;1;0.0115772;0.02;36568;2225213;
terminating_step_off;rr_n1024-3-s286473c2142478.ukp;1;0.0128657;0.02;36464;2225213;
eduk;rr_n1024-3-s286473c2142478.ukp;1;0.01000;0.01;5632;2225213;
eduk2;rr_n1024-3-s286473c2142478.ukp;1;0.00000;0.00;3856;2225213;
cpp-mtu1;rr_n1024-3-s286473c2142478.ukp;1;0.00038019;0.02;3372;2225213;
cpp-mtu2;rr_n1024-3-s286473c2142478.ukp;1;0.000785395;0.02;3484;2225213;
ordered_step_off;rr_n1024-4-s57635c2136861.ukp;1;0.010222;0.02;36484;2355672;
terminating_step_off;rr_n1024-4-s57635c2136861.ukp;1;0.00476236;0.01;30536;2355672;
eduk;rr_n1024-4-s57635c2136861.ukp;1;0.00000;0.00;5280;2355672;
eduk2;rr_n1024-4-s57635c2136861.ukp;1;0.00333;0.01;3756;2355672;
cpp-mtu1;rr_n1024-4-s57635c2136861.ukp;1;0.000119302;0.01;3500;2355672;
cpp-mtu2;rr_n1024-4-s57635c2136861.ukp;1;0.000240415;0.02;3512;2355672;
ordered_step_off;rr_n1024-5-s73266c2149076.ukp;1;0.0104415;0.02;36536;2474806;
terminating_step_off;rr_n1024-5-s73266c2149076.ukp;1;0.0116492;0.02;36796;2474806;
eduk;rr_n1024-5-s73266c2149076.ukp;1;0.00667;0.01;5368;2474806;
eduk2;rr_n1024-5-s73266c2149076.ukp;1;0.00000;0.01;5716;2474806;
cpp-mtu1;rr_n1024-5-s73266c2149076.ukp;1;0.000102647;0.01;3408;2474806;
cpp-mtu2;rr_n1024-5-s73266c2149076.ukp;1;0.000247451;0.02;3388;2474806;
ordered_step_off;rr_n1024-6-s460116c2149608.ukp;1;0.0100546;0.02;36552;2334360;
terminating_step_off;rr_n1024-6-s460116c2149608.ukp;1;0.010238;0.02;36708;2334360;
eduk;rr_n1024-6-s460116c2149608.ukp;1;0.00667;0.01;5276;2334360;
eduk2;rr_n1024-6-s460116c2149608.ukp;1;0.00000;0.01;3840;2334360;
cpp-mtu1;rr_n1024-6-s460116c2149608.ukp;1;0.000198926;0.02;3476;2334360;
cpp-mtu2;rr_n1024-6-s460116c2149608.ukp;1;9.9966e-05;0.01;3392;2334360;
ordered_step_off;rr_n1024-7-s245741c2158930.ukp;1;0.0117827;0.02;36692;2207743;
terminating_step_off;rr_n1024-7-s245741c2158930.ukp;1;0.0112008;0.02;36008;2207743;
eduk;rr_n1024-7-s245741c2158930.ukp;1;0.00667;0.01;5400;2207743;
eduk2;rr_n1024-7-s245741c2158930.ukp;1;0.00333;0.01;3888;2207743;
cpp-mtu1;rr_n1024-7-s245741c2158930.ukp;1;0.000784561;0.02;3372;2207743;
cpp-mtu2;rr_n1024-7-s245741c2158930.ukp;1;0.000994069;0.02;3472;2207743;
ordered_step_off;rr_n1024-8-s90643c2128174.ukp;1;0.00920664;0.02;36304;2308469;
terminating_step_off;rr_n1024-8-s90643c2128174.ukp;1;0.00594715;0.01;30664;2308469;
eduk;rr_n1024-8-s90643c2128174.ukp;1;0.00333;0.01;4272;2308469;
eduk2;rr_n1024-8-s90643c2128174.ukp;1;0.00333;0.01;3924;2308469;
cpp-mtu1;rr_n1024-8-s90643c2128174.ukp;1;0.000257757;0.02;3320;2308469;
cpp-mtu2;rr_n1024-8-s90643c2128174.ukp;1;9.4676e-05;0.00;3484;2308469;
ordered_step_off;rr_n1024-9-s36374c2133152.ukp;1;0.0170337;0.03;36268;2198462;
terminating_step_off;rr_n1024-9-s36374c2133152.ukp;1;0.0179156;0.04;34576;2198462;
eduk;rr_n1024-9-s36374c2133152.ukp;1;0.01000;0.02;5488;2198462;
eduk2;rr_n1024-9-s36374c2133152.ukp;1;0.00333;0.01;5488;2198462;
cpp-mtu1;rr_n1024-9-s36374c2133152.ukp;1;0.0185797;0.04;3384;2198462;
cpp-mtu2;rr_n1024-9-s36374c2133152.ukp;1;0.00139997;0.01;3364;2198462;
ordered_step_off;rr_n131072-0-s137962c275540577.ukp;1;9.93904;10.36;4313584;277114495;
terminating_step_off;rr_n131072-0-s137962c275540577.ukp;1;9.44289;9.73;3431128;277114495;
eduk;rr_n131072-0-s137962c275540577.ukp;1;14.84000;14.88;61660;277114495;
eduk2;rr_n131072-0-s137962c275540577.ukp;1;1.02333;1.06;72032;277114495;
cpp-mtu1;rr_n131072-0-s137962c275540577.ukp;1;2.58151;2.86;10360;277114495;
cpp-mtu2;rr_n131072-0-s137962c275540577.ukp;1;2.27375;2.55;7392;277114495;
ordered_step_off;rr_n131072-1-s615086c275028465.ukp;1;16.2863;16.57;4305612;277462992;
terminating_step_off;rr_n131072-1-s615086c275028465.ukp;1;16.1329;16.42;4306344;277462992;
eduk;rr_n131072-1-s615086c275028465.ukp;1;13.91667;13.95;61660;277462992;
eduk2;rr_n131072-1-s615086c275028465.ukp;1;0.19000;0.23;71060;277462992;
cpp-mtu1;rr_n131072-1-s615086c275028465.ukp;1;;1800.00;10312;;
cpp-mtu2;rr_n131072-1-s615086c275028465.ukp;1;;1800.00;8480;;
ordered_step_off;rr_n131072-2-s750175c269931501.ukp;1;12.6925;12.98;4225904;271220285;
terminating_step_off;rr_n131072-2-s750175c269931501.ukp;1;12.6171;12.90;4226884;271220285;
eduk;rr_n131072-2-s750175c269931501.ukp;1;14.83000;14.86;54604;271220285;
eduk2;rr_n131072-2-s750175c269931501.ukp;1;10.73666;10.77;72076;271220285;
cpp-mtu1;rr_n131072-2-s750175c269931501.ukp;1;;1800.00;10396;;
cpp-mtu2;rr_n131072-2-s750175c269931501.ukp;1;;1800.00;9164;;
ordered_step_off;rr_n131072-3-s608776c271726715.ukp;1;10.7742;11.06;4254008;274570658;
terminating_step_off;rr_n131072-3-s608776c271726715.ukp;1;10.7037;10.98;4254756;274570658;
eduk;rr_n131072-3-s608776c271726715.ukp;1;28.89333;28.93;68552;274570658;
eduk2;rr_n131072-3-s608776c271726715.ukp;1;2.71667;2.76;70268;274570658;
cpp-mtu1;rr_n131072-3-s608776c271726715.ukp;1;;1800.00;10324;;
cpp-mtu2;rr_n131072-3-s608776c271726715.ukp;1;;1800.00;8396;;
ordered_step_off;rr_n131072-4-s157673c273195129.ukp;1;21.875;22.16;4276988;276036491;
terminating_step_off;rr_n131072-4-s157673c273195129.ukp;1;21.7199;22.00;4277732;276036491;
eduk;rr_n131072-4-s157673c273195129.ukp;1;71.73999;71.79;68152;276036491;
eduk2;rr_n131072-4-s157673c273195129.ukp;1;71.60999;71.66;70684;276036491;
cpp-mtu1;rr_n131072-4-s157673c273195129.ukp;1;;1800.00;10364;;
cpp-mtu2;rr_n131072-4-s157673c273195129.ukp;1;;1800.00;8940;;
ordered_step_off;rr_n131072-5-s593483c274086777.ukp;1;45.24;45.52;4290836;275615782;
terminating_step_off;rr_n131072-5-s593483c274086777.ukp;1;44.8795;45.16;4291796;275615782;
eduk;rr_n131072-5-s593483c274086777.ukp;1;228.98331;229.05;74932;275615782;
eduk2;rr_n131072-5-s593483c274086777.ukp;1;113.40999;113.47;71796;275615782;
cpp-mtu1;rr_n131072-5-s593483c274086777.ukp;1;;1800.00;10364;;
cpp-mtu2;rr_n131072-5-s593483c274086777.ukp;1;;1800.00;8452;;
ordered_step_off;rr_n131072-6-s18085c271251137.ukp;1;61.4183;61.70;4246320;273447033;
terminating_step_off;rr_n131072-6-s18085c271251137.ukp;1;60.5992;60.89;4247668;273447033;
eduk;rr_n131072-6-s18085c271251137.ukp;1;210.83331;210.94;80096;273447033;
eduk2;rr_n131072-6-s18085c271251137.ukp;1;5.49333;5.53;71464;273447033;
cpp-mtu1;rr_n131072-6-s18085c271251137.ukp;1;;1800.00;10408;;
cpp-mtu2;rr_n131072-6-s18085c271251137.ukp;1;;1800.00;8480;;
ordered_step_off;rr_n131072-7-s927782c271598749.ukp;1;6.43474;6.71;4251920;275619126;
terminating_step_off;rr_n131072-7-s927782c271598749.ukp;1;6.42955;6.71;4253076;275619126;
eduk;rr_n131072-7-s927782c271598749.ukp;1;23.00000;23.04;64264;275619126;
eduk2;rr_n131072-7-s927782c271598749.ukp;1;13.06000;13.10;70148;275619126;
cpp-mtu1;rr_n131072-7-s927782c271598749.ukp;1;;1800.00;10444;;
cpp-mtu2;rr_n131072-7-s927782c271598749.ukp;1;;1800.00;8480;;
ordered_step_off;rr_n131072-8-s961444c275599244.ukp;1;100.864;101.14;4314204;277392880;
terminating_step_off;rr_n131072-8-s961444c275599244.ukp;1;99.9054;100.18;4315336;277392880;
eduk;rr_n131072-8-s961444c275599244.ukp;1;397.15663;397.26;93636;277392880;
eduk2;rr_n131072-8-s961444c275599244.ukp;1;238.33331;238.43;77948;277392880;
cpp-mtu1;rr_n131072-8-s961444c275599244.ukp;1;;1800.00;10284;;
cpp-mtu2;rr_n131072-8-s961444c275599244.ukp;1;;1800.00;11520;;
ordered_step_off;rr_n131072-9-s31935c273663227.ukp;1;53.4108;53.69;4284172;275922938;
terminating_step_off;rr_n131072-9-s31935c273663227.ukp;1;52.8182;53.10;4285300;275922938;
eduk;rr_n131072-9-s31935c273663227.ukp;1;202.13665;202.22;93412;275922938;
eduk2;rr_n131072-9-s31935c273663227.ukp;1;50.34666;50.39;73064;275922938;
cpp-mtu1;rr_n131072-9-s31935c273663227.ukp;1;;1800.00;10320;;
cpp-mtu2;rr_n131072-9-s31935c273663227.ukp;1;;1800.00;10444;;
ordered_step_off;rr_n16384-0-s926607c33963226.ukp;1;0.351569;0.38;534428;34341771;
terminating_step_off;rr_n16384-0-s926607c33963226.ukp;1;0.283111;0.32;426904;34341771;
eduk;rr_n16384-0-s926607c33963226.ukp;1;0.23000;0.23;9940;34341771;
eduk2;rr_n16384-0-s926607c33963226.ukp;1;0.14667;0.15;15992;34341771;
cpp-mtu1;rr_n16384-0-s926607c33963226.ukp;1;0.769576;0.81;4020;34341771;
cpp-mtu2;rr_n16384-0-s926607c33963226.ukp;1;0.175561;0.21;3624;34341771;
ordered_step_off;rr_n16384-1-s446531c33868122.ukp;1;0.510479;0.55;532804;34175379;
terminating_step_off;rr_n16384-1-s446531c33868122.ukp;1;0.481937;0.52;482040;34175379;
eduk;rr_n16384-1-s446531c33868122.ukp;1;0.38000;0.39;11380;34175379;
eduk2;rr_n16384-1-s446531c33868122.ukp;1;0.05333;0.06;12000;34175379;
cpp-mtu1;rr_n16384-1-s446531c33868122.ukp;1;0.0120029;0.05;4024;34175379;
cpp-mtu2;rr_n16384-1-s446531c33868122.ukp;1;0.00653468;0.05;3688;34175379;
ordered_step_off;rr_n16384-2-s903840c33979172.ukp;1;0.325278;0.36;534576;34578373;
terminating_step_off;rr_n16384-2-s903840c33979172.ukp;1;0.305805;0.34;503672;34578373;
eduk;rr_n16384-2-s903840c33979172.ukp;1;0.21667;0.22;9968;34578373;
eduk2;rr_n16384-2-s903840c33979172.ukp;1;0.02333;0.03;11208;34578373;
cpp-mtu1;rr_n16384-2-s903840c33979172.ukp;1;0.00178647;0.04;4044;34578373;
cpp-mtu2;rr_n16384-2-s903840c33979172.ukp;1;0.000531788;0.04;3716;34578373;
ordered_step_off;rr_n16384-3-s742583c34057380.ukp;1;0.293825;0.33;535900;34759566;
terminating_step_off;rr_n16384-3-s742583c34057380.ukp;1;0.294395;0.33;536076;34759566;
eduk;rr_n16384-3-s742583c34057380.ukp;1;0.63667;0.64;12112;34759566;
eduk2;rr_n16384-3-s742583c34057380.ukp;1;0.65000;0.66;15848;34759566;
cpp-mtu1;rr_n16384-3-s742583c34057380.ukp;1;17.7402;17.78;3968;34759566;
cpp-mtu2;rr_n16384-3-s742583c34057380.ukp;1;;1800.00;3676;;
ordered_step_off;rr_n16384-4-s512825c33821346.ukp;1;0.282515;0.32;532304;34354551;
terminating_step_off;rr_n16384-4-s512825c33821346.ukp;1;0.283023;0.32;532136;34354551;
eduk;rr_n16384-4-s512825c33821346.ukp;1;0.22333;0.23;9768;34354551;
eduk2;rr_n16384-4-s512825c33821346.ukp;1;0.04667;0.05;12692;34354551;
cpp-mtu1;rr_n16384-4-s512825c33821346.ukp;1;0.00182752;0.04;4036;34354551;
cpp-mtu2;rr_n16384-4-s512825c33821346.ukp;1;0.00169311;0.04;3764;34354551;
ordered_step_off;rr_n16384-5-s574662c33604711.ukp;1;0.80139;0.84;528776;34133059;
terminating_step_off;rr_n16384-5-s574662c33604711.ukp;1;0.801573;0.84;528888;34133059;
eduk;rr_n16384-5-s574662c33604711.ukp;1;2.04667;2.05;15252;34133059;
eduk2;rr_n16384-5-s574662c33604711.ukp;1;1.74667;1.75;12996;34133059;
cpp-mtu1;rr_n16384-5-s574662c33604711.ukp;1;13.3624;13.40;3936;34133059;
cpp-mtu2;rr_n16384-5-s574662c33604711.ukp;1;40.8851;40.92;3760;34133059;
ordered_step_off;rr_n16384-6-s732257c33658215.ukp;1;0.339216;0.38;529628;34197190;
terminating_step_off;rr_n16384-6-s732257c33658215.ukp;1;0.338983;0.38;529792;34197190;
eduk;rr_n16384-6-s732257c33658215.ukp;1;0.21333;0.21;10052;34197190;
eduk2;rr_n16384-6-s732257c33658215.ukp;1;0.03000;0.03;12960;34197190;
cpp-mtu1;rr_n16384-6-s732257c33658215.ukp;1;0.00182399;0.04;4024;34197190;
cpp-mtu2;rr_n16384-6-s732257c33658215.ukp;1;0.000739332;0.04;3752;34197190;
ordered_step_off;rr_n16384-7-s639568c34393592.ukp;1;0.966998;1.01;541140;35140452;
terminating_step_off;rr_n16384-7-s639568c34393592.ukp;1;0.965767;1.00;541208;35140452;
eduk;rr_n16384-7-s639568c34393592.ukp;1;2.52000;2.53;14308;35140452;
eduk2;rr_n16384-7-s639568c34393592.ukp;1;0.04333;0.05;15016;35140452;
cpp-mtu1;rr_n16384-7-s639568c34393592.ukp;1;0.00793832;0.05;3964;35140452;
cpp-mtu2;rr_n16384-7-s639568c34393592.ukp;1;0.00113239;0.04;3656;35140452;
ordered_step_off;rr_n16384-8-s112983c34301805.ukp;1;0.371653;0.41;539580;34873637;
terminating_step_off;rr_n16384-8-s112983c34301805.ukp;1;0.345472;0.39;505420;34873637;
eduk;rr_n16384-8-s112983c34301805.ukp;1;0.67000;0.67;12180;34873637;
eduk2;rr_n16384-8-s112983c34301805.ukp;1;0.14333;0.15;14956;34873637;
cpp-mtu1;rr_n16384-8-s112983c34301805.ukp;1;0.051964;0.09;3936;34873637;
cpp-mtu2;rr_n16384-8-s112983c34301805.ukp;1;0.147512;0.18;3800;34873637;
ordered_step_off;rr_n16384-9-s615173c33900300.ukp;1;0.620558;0.66;533356;34115722;
terminating_step_off;rr_n16384-9-s615173c33900300.ukp;1;0.620853;0.66;533480;34115722;
eduk;rr_n16384-9-s615173c33900300.ukp;1;0.71667;0.72;12092;34115722;
eduk2;rr_n16384-9-s615173c33900300.ukp;1;0.02667;0.03;13212;34115722;
cpp-mtu1;rr_n16384-9-s615173c33900300.ukp;1;0.0529741;0.09;3992;34115722;
cpp-mtu2;rr_n16384-9-s615173c33900300.ukp;1;0.00712145;0.04;3764;34115722;
ordered_step_off;rr_n2048-0-s56545c4278888.ukp;1;0.0322417;0.04;69952;4491093;
terminating_step_off;rr_n2048-0-s56545c4278888.ukp;1;0.03287;0.04;70156;4491093;
eduk;rr_n2048-0-s56545c4278888.ukp;1;0.02667;0.03;5892;4491093;
eduk2;rr_n2048-0-s56545c4278888.ukp;1;0.04667;0.04;5832;4491093;
cpp-mtu1;rr_n2048-0-s56545c4278888.ukp;1;0.0212601;0.03;3484;4491093;
cpp-mtu2;rr_n2048-0-s56545c4278888.ukp;1;6.2403;6.25;3436;4491093;
ordered_step_off;rr_n2048-1-s770636c4254981.ukp;1;0.0271574;0.04;69812;4674855;
terminating_step_off;rr_n2048-1-s770636c4254981.ukp;1;0.0273379;0.04;69756;4674855;
eduk;rr_n2048-1-s770636c4254981.ukp;1;0.03667;0.04;5836;4674855;
eduk2;rr_n2048-1-s770636c4254981.ukp;1;0.09333;0.10;7732;4674855;
cpp-mtu1;rr_n2048-1-s770636c4254981.ukp;1;0.0876235;0.10;3476;4674855;
cpp-mtu2;rr_n2048-1-s770636c4254981.ukp;1;0.0637607;0.07;3392;4674855;
ordered_step_off;rr_n2048-2-s776667c4220739.ukp;1;0.0216777;0.03;68976;4605234;
terminating_step_off;rr_n2048-2-s776667c4220739.ukp;1;0.0223263;0.03;69260;4605234;
eduk;rr_n2048-2-s776667c4220739.ukp;1;0.01000;0.01;5532;4605234;
eduk2;rr_n2048-2-s776667c4220739.ukp;1;0.00000;0.01;4560;4605234;
cpp-mtu1;rr_n2048-2-s776667c4220739.ukp;1;0.000499243;0.03;3360;4605234;
cpp-mtu2;rr_n2048-2-s776667c4220739.ukp;1;0.000206021;0.01;3492;4605234;
ordered_step_off;rr_n2048-3-s458668c4265665.ukp;1;0.0239336;0.03;69704;4304921;
terminating_step_off;rr_n2048-3-s458668c4265665.ukp;1;0.0239661;0.03;69944;4304921;
eduk;rr_n2048-3-s458668c4265665.ukp;1;0.00667;0.01;5476;4304921;
eduk2;rr_n2048-3-s458668c4265665.ukp;1;0.00000;0.01;6200;4304921;
cpp-mtu1;rr_n2048-3-s458668c4265665.ukp;1;0.00262371;0.03;3360;4304921;
cpp-mtu2;rr_n2048-3-s458668c4265665.ukp;1;0.000370015;0.02;3412;4304921;
ordered_step_off;rr_n2048-4-s104987c4298539.ukp;1;0.021397;0.04;70264;4785280;
terminating_step_off;rr_n2048-4-s104987c4298539.ukp;1;0.0107394;0.02;55788;4785280;
eduk;rr_n2048-4-s104987c4298539.ukp;1;0.01000;0.01;5428;4785280;
eduk2;rr_n2048-4-s104987c4298539.ukp;1;0.00667;0.01;4636;4785280;
cpp-mtu1;rr_n2048-4-s104987c4298539.ukp;1;0.000773319;0.03;3572;4785280;
cpp-mtu2;rr_n2048-4-s104987c4298539.ukp;1;0.000218516;0.02;3388;4785280;
ordered_step_off;rr_n2048-5-s529642c4201830.ukp;1;0.0218864;0.03;68604;4413907;
terminating_step_off;rr_n2048-5-s529642c4201830.ukp;1;0.0218337;0.03;68828;4413907;
eduk;rr_n2048-5-s529642c4201830.ukp;1;0.01333;0.01;5708;4413907;
eduk2;rr_n2048-5-s529642c4201830.ukp;1;0.01000;0.02;7408;4413907;
cpp-mtu1;rr_n2048-5-s529642c4201830.ukp;1;0.00582695;0.01;3444;4413907;
cpp-mtu2;rr_n2048-5-s529642c4201830.ukp;1;0.477764;0.49;3392;4413907;
ordered_step_off;rr_n2048-6-s113608c4314416.ukp;1;0.0262818;0.03;70480;4464545;
terminating_step_off;rr_n2048-6-s113608c4314416.ukp;1;0.0265202;0.03;70600;4464545;
eduk;rr_n2048-6-s113608c4314416.ukp;1;0.01667;0.02;5584;4464545;
eduk2;rr_n2048-6-s113608c4314416.ukp;1;0.01000;0.01;5804;4464545;
cpp-mtu1;rr_n2048-6-s113608c4314416.ukp;1;0.000933633;0.01;3568;4464545;
cpp-mtu2;rr_n2048-6-s113608c4314416.ukp;1;0.00128856;0.01;3388;4464545;
ordered_step_off;rr_n2048-7-s821582c4307178.ukp;1;0.021973;0.03;70312;4894370;
terminating_step_off;rr_n2048-7-s821582c4307178.ukp;1;0.0163881;0.02;63348;4894370;
eduk;rr_n2048-7-s821582c4307178.ukp;1;0.01667;0.02;5640;4894370;
eduk2;rr_n2048-7-s821582c4307178.ukp;1;0.00000;0.01;4388;4894370;
cpp-mtu1;rr_n2048-7-s821582c4307178.ukp;1;0.000344393;0.03;3484;4894370;
cpp-mtu2;rr_n2048-7-s821582c4307178.ukp;1;0.000148234;0.02;3416;4894370;
ordered_step_off;rr_n2048-8-s170676c4282901.ukp;1;0.032151;0.04;70108;4627593;
terminating_step_off;rr_n2048-8-s170676c4282901.ukp;1;0.0321874;0.04;70216;4627593;
eduk;rr_n2048-8-s170676c4282901.ukp;1;0.04000;0.04;7400;4627593;
eduk2;rr_n2048-8-s170676c4282901.ukp;1;0.06000;0.06;5948;4627593;
cpp-mtu1;rr_n2048-8-s170676c4282901.ukp;1;0.00756323;0.01;3472;4627593;
cpp-mtu2;rr_n2048-8-s170676c4282901.ukp;1;0.000197234;0.01;3400;4627593;
ordered_step_off;rr_n2048-9-s217121c4228857.ukp;1;0.0202287;0.03;69272;4761712;
terminating_step_off;rr_n2048-9-s217121c4228857.ukp;1;0.0120315;0.02;55304;4761712;
eduk;rr_n2048-9-s217121c4228857.ukp;1;0.01000;0.01;5596;4761712;
eduk2;rr_n2048-9-s217121c4228857.ukp;1;0.00000;0.00;4440;4761712;
cpp-mtu1;rr_n2048-9-s217121c4228857.ukp;1;0.000120627;0.01;3360;4761712;
cpp-mtu2;rr_n2048-9-s217121c4228857.ukp;1;0.000279765;0.03;3540;4761712;
ordered_step_off;rr_n32768-0-s964192c68222042.ukp;1;0.990129;1.07;1070376;70209347;
terminating_step_off;rr_n32768-0-s964192c68222042.ukp;1;0.990929;1.07;1070412;70209347;
eduk;rr_n32768-0-s964192c68222042.ukp;1;1.67333;1.68;21212;70209347;
eduk2;rr_n32768-0-s964192c68222042.ukp;1;1.52333;1.54;18632;70209347;
cpp-mtu1;rr_n32768-0-s964192c68222042.ukp;1;;1800.00;4940;;
cpp-mtu2;rr_n32768-0-s964192c68222042.ukp;1;;1800.00;4244;;
ordered_step_off;rr_n32768-1-s59271c68063533.ukp;1;0.449811;0.52;1067764;69723062;
terminating_step_off;rr_n32768-1-s59271c68063533.ukp;1;0.443917;0.52;1068032;69723062;
eduk;rr_n32768-1-s59271c68063533.ukp;1;1.11000;1.12;21400;69723062;
eduk2;rr_n32768-1-s59271c68063533.ukp;1;0.66333;0.68;18636;69723062;
cpp-mtu1;rr_n32768-1-s59271c68063533.ukp;1;709.009;709.08;4748;69723062;
cpp-mtu2;rr_n32768-1-s59271c68063533.ukp;1;;1800.00;4288;;
ordered_step_off;rr_n32768-2-s465129c68691104.ukp;1;1.96328;2.03;1077600;71297133;
terminating_step_off;rr_n32768-2-s465129c68691104.ukp;1;1.9665;2.04;1077868;71297133;
eduk;rr_n32768-2-s465129c68691104.ukp;1;4.21000;4.22;23188;71297133;
eduk2;rr_n32768-2-s465129c68691104.ukp;1;0.55667;0.57;19312;71297133;
cpp-mtu1;rr_n32768-2-s465129c68691104.ukp;1;;1800.00;4944;;
cpp-mtu2;rr_n32768-2-s465129c68691104.ukp;1;;1800.00;4292;;
ordered_step_off;rr_n32768-3-s477565c68248507.ukp;1;5.01532;5.08;1070688;68905482;
terminating_step_off;rr_n32768-3-s477565c68248507.ukp;1;4.96866;5.03;1070932;68905482;
eduk;rr_n32768-3-s477565c68248507.ukp;1;15.63333;15.65;25160;68905482;
eduk2;rr_n32768-3-s477565c68248507.ukp;1;2.24000;2.25;23088;68905482;
cpp-mtu1;rr_n32768-3-s477565c68248507.ukp;1;16.0108;16.08;4784;68905482;
cpp-mtu2;rr_n32768-3-s477565c68248507.ukp;1;71.3189;71.39;4764;68905482;
ordered_step_off;rr_n32768-4-s625841c67701794.ukp;1;1.07498;1.15;1062276;68662555;
terminating_step_off;rr_n32768-4-s625841c67701794.ukp;1;1.0208;1.10;976356;68662555;
eduk;rr_n32768-4-s625841c67701794.ukp;1;2.28667;2.30;21464;68662555;
eduk2;rr_n32768-4-s625841c67701794.ukp;1;1.44333;1.45;19896;68662555;
cpp-mtu1;rr_n32768-4-s625841c67701794.ukp;1;;1800.00;4892;;
cpp-mtu2;rr_n32768-4-s625841c67701794.ukp;1;;1800.00;4092;;
ordered_step_off;rr_n32768-5-s951699c69135084.ukp;1;0.524512;0.60;1084492;70242572;
terminating_step_off;rr_n32768-5-s951699c69135084.ukp;1;0.443585;0.52;932416;70242572;
eduk;rr_n32768-5-s951699c69135084.ukp;1;1.00667;1.01;20724;70242572;
eduk2;rr_n32768-5-s951699c69135084.ukp;1;0.20000;0.21;18032;70242572;
cpp-mtu1;rr_n32768-5-s951699c69135084.ukp;1;9.13252;9.20;4788;70242572;
cpp-mtu2;rr_n32768-5-s951699c69135084.ukp;1;19.8875;19.96;4268;70242572;
ordered_step_off;rr_n32768-6-s651615c68001985.ukp;1;0.449509;0.53;1066792;70192300;
terminating_step_off;rr_n32768-6-s651615c68001985.ukp;1;0.308998;0.38;815912;70192300;
eduk;rr_n32768-6-s651615c68001985.ukp;1;1.15333;1.16;17512;70192300;
eduk2;rr_n32768-6-s651615c68001985.ukp;1;0.02333;0.03;15312;70192300;
cpp-mtu1;rr_n32768-6-s651615c68001985.ukp;1;0.00312894;0.08;4752;70192300;
cpp-mtu2;rr_n32768-6-s651615c68001985.ukp;1;0.0014836;0.07;4264;70192300;
ordered_step_off;rr_n32768-7-s895501c68854074.ukp;1;2.02397;2.10;1080048;70053426;
terminating_step_off;rr_n32768-7-s895501c68854074.ukp;1;2.02182;2.09;1080392;70053426;
eduk;rr_n32768-7-s895501c68854074.ukp;1;5.84000;5.85;22044;70053426;
eduk2;rr_n32768-7-s895501c68854074.ukp;1;4.35333;4.36;20444;70053426;
cpp-mtu1;rr_n32768-7-s895501c68854074.ukp;1;;1800.00;4948;;
cpp-mtu2;rr_n32768-7-s895501c68854074.ukp;1;;1800.00;4188;;
ordered_step_off;rr_n32768-8-s650928c67581399.ukp;1;1.14152;1.22;1060160;68686706;
terminating_step_off;rr_n32768-8-s650928c67581399.ukp;1;1.14239;1.22;1060536;68686706;
eduk;rr_n32768-8-s650928c67581399.ukp;1;0.82667;0.84;15676;68686706;
eduk2;rr_n32768-8-s650928c67581399.ukp;1;0.04333;0.05;17756;68686706;
cpp-mtu1;rr_n32768-8-s650928c67581399.ukp;1;0.681656;0.76;4700;68686706;
cpp-mtu2;rr_n32768-8-s650928c67581399.ukp;1;0.656372;0.73;4236;68686706;
ordered_step_off;rr_n32768-9-s906564c67717576.ukp;1;0.74993;0.82;1062484;69736137;
terminating_step_off;rr_n32768-9-s906564c67717576.ukp;1;0.750891;0.83;1062696;69736137;
eduk;rr_n32768-9-s906564c67717576.ukp;1;1.28667;1.31;29392;69736137;
eduk2;rr_n32768-9-s906564c67717576.ukp;1;0.28333;0.30;18192;69736137;
cpp-mtu1;rr_n32768-9-s906564c67717576.ukp;1;;1800.00;5032;;
cpp-mtu2;rr_n32768-9-s906564c67717576.ukp;1;;1800.00;4324;;
ordered_step_off;rr_n4096-0-s554787c8648473.ukp;1;0.0498629;0.06;138292;8969039;
terminating_step_off;rr_n4096-0-s554787c8648473.ukp;1;0.0499622;0.06;138192;8969039;
eduk;rr_n4096-0-s554787c8648473.ukp;1;0.02667;0.03;9016;8969039;
eduk2;rr_n4096-0-s554787c8648473.ukp;1;0.00667;0.01;7556;8969039;
cpp-mtu1;rr_n4096-0-s554787c8648473.ukp;1;0.000295651;0.02;3520;8969039;
cpp-mtu2;rr_n4096-0-s554787c8648473.ukp;1;0.000153972;0.01;3448;8969039;
ordered_step_off;rr_n4096-1-s844842c8426780.ukp;1;0.120481;0.13;134732;8730620;
terminating_step_off;rr_n4096-1-s844842c8426780.ukp;1;0.120714;0.13;134976;8730620;
eduk;rr_n4096-1-s844842c8426780.ukp;1;0.29000;0.29;9192;8730620;
eduk2;rr_n4096-1-s844842c8426780.ukp;1;0.24333;0.24;9188;8730620;
cpp-mtu1;rr_n4096-1-s844842c8426780.ukp;1;0.0594781;0.07;3436;8730620;
cpp-mtu2;rr_n4096-1-s844842c8426780.ukp;1;0.343216;0.35;3392;8730620;
ordered_step_off;rr_n4096-2-s570795c8418444.ukp;1;0.0587484;0.07;134660;8711049;
terminating_step_off;rr_n4096-2-s570795c8418444.ukp;1;0.0401924;0.05;109088;8711049;
eduk;rr_n4096-2-s570795c8418444.ukp;1;0.02000;0.02;7700;8711049;
eduk2;rr_n4096-2-s570795c8418444.ukp;1;0.00667;0.01;6020;8711049;
cpp-mtu1;rr_n4096-2-s570795c8418444.ukp;1;0.000658783;0.02;3568;8711049;
cpp-mtu2;rr_n4096-2-s570795c8418444.ukp;1;0.000348565;0.01;3420;8711049;
ordered_step_off;rr_n4096-3-s582092c8431808.ukp;1;0.0652796;0.08;134976;8815411;
terminating_step_off;rr_n4096-3-s582092c8431808.ukp;1;0.0653425;0.07;135024;8815411;
eduk;rr_n4096-3-s582092c8431808.ukp;1;0.07333;0.07;8616;8815411;
eduk2;rr_n4096-3-s582092c8431808.ukp;1;0.06667;0.06;8712;8815411;
cpp-mtu1;rr_n4096-3-s582092c8431808.ukp;1;0.0383448;0.05;3440;8815411;
cpp-mtu2;rr_n4096-3-s582092c8431808.ukp;1;3.88745;3.90;3420;8815411;
ordered_step_off;rr_n4096-4-s266267c8538468.ukp;1;0.0715832;0.08;136704;9029837;
terminating_step_off;rr_n4096-4-s266267c8538468.ukp;1;0.0707192;0.08;136776;9029837;
eduk;rr_n4096-4-s266267c8538468.ukp;1;0.10667;0.10;8916;9029837;
eduk2;rr_n4096-4-s266267c8538468.ukp;1;0.03333;0.03;8060;9029837;
cpp-mtu1;rr_n4096-4-s266267c8538468.ukp;1;0.0078151;0.02;3560;9029837;
cpp-mtu2;rr_n4096-4-s266267c8538468.ukp;1;0.00670385;0.02;3376;9029837;
ordered_step_off;rr_n4096-5-s522843c8554388.ukp;1;0.0711112;0.08;136756;8785116;
terminating_step_off;rr_n4096-5-s522843c8554388.ukp;1;0.0707858;0.08;136832;8785116;
eduk;rr_n4096-5-s522843c8554388.ukp;1;0.06000;0.06;7576;8785116;
eduk2;rr_n4096-5-s522843c8554388.ukp;1;0.04667;0.05;8100;8785116;
cpp-mtu1;rr_n4096-5-s522843c8554388.ukp;1;0.493601;0.51;3544;8785116;
cpp-mtu2;rr_n4096-5-s522843c8554388.ukp;1;0.606699;0.62;3336;8785116;
ordered_step_off;rr_n4096-6-s225123c8456199.ukp;1;0.0477346;0.06;135404;8725874;
terminating_step_off;rr_n4096-6-s225123c8456199.ukp;1;0.0480301;0.06;135336;8725874;
eduk;rr_n4096-6-s225123c8456199.ukp;1;0.04000;0.04;7412;8725874;
eduk2;rr_n4096-6-s225123c8456199.ukp;1;0.01000;0.01;6428;8725874;
cpp-mtu1;rr_n4096-6-s225123c8456199.ukp;1;0.000712628;0.02;3540;8725874;
cpp-mtu2;rr_n4096-6-s225123c8456199.ukp;1;0.000510914;0.02;3512;8725874;
ordered_step_off;rr_n4096-7-s803015c8579315.ukp;1;0.0460891;0.06;137240;9170254;
terminating_step_off;rr_n4096-7-s803015c8579315.ukp;1;0.0444083;0.06;136964;9170254;
eduk;rr_n4096-7-s803015c8579315.ukp;1;0.03333;0.03;6240;9170254;
eduk2;rr_n4096-7-s803015c8579315.ukp;1;0.02667;0.03;8424;9170254;
cpp-mtu1;rr_n4096-7-s803015c8579315.ukp;1;0.0131872;0.02;3540;9170254;
cpp-mtu2;rr_n4096-7-s803015c8579315.ukp;1;9.42273;9.44;3492;9170254;
ordered_step_off;rr_n4096-8-s421524c8591657.ukp;1;0.0504924;0.06;137596;9220352;
terminating_step_off;rr_n4096-8-s421524c8591657.ukp;1;0.050394;0.06;137484;9220352;
eduk;rr_n4096-8-s421524c8591657.ukp;1;0.03667;0.04;6244;9220352;
eduk2;rr_n4096-8-s421524c8591657.ukp;1;0.02667;0.02;7724;9220352;
cpp-mtu1;rr_n4096-8-s421524c8591657.ukp;1;0.0620335;0.08;3412;9220352;
cpp-mtu2;rr_n4096-8-s421524c8591657.ukp;1;0.112463;0.12;3384;9220352;
ordered_step_off;rr_n4096-9-s619685c8481056.ukp;1;0.0478384;0.06;135700;9070148;
terminating_step_off;rr_n4096-9-s619685c8481056.ukp;1;0.0478764;0.06;135720;9070148;
eduk;rr_n4096-9-s619685c8481056.ukp;1;0.03667;0.04;6336;9070148;
eduk2;rr_n4096-9-s619685c8481056.ukp;1;0.03667;0.04;8108;9070148;
cpp-mtu1;rr_n4096-9-s619685c8481056.ukp;1;0.00659492;0.02;3416;9070148;
cpp-mtu2;rr_n4096-9-s619685c8481056.ukp;1;0.00727537;0.02;3384;9070148;
ordered_step_off;rr_n65536-0-s12476c137089786.ukp;1;2.17099;2.31;2147652;140695305;
terminating_step_off;rr_n65536-0-s12476c137089786.ukp;1;2.17037;2.31;2148300;140695305;
eduk;rr_n65536-0-s12476c137089786.ukp;1;3.90333;3.92;29716;140695305;
eduk2;rr_n65536-0-s12476c137089786.ukp;1;1.76333;1.79;32076;140695305;
cpp-mtu1;rr_n65536-0-s12476c137089786.ukp;1;;1800.00;6812;;
cpp-mtu2;rr_n65536-0-s12476c137089786.ukp;1;;1800.00;5392;;
ordered_step_off;rr_n65536-1-s575069c135913288.ukp;1;3.55169;3.69;2129332;140323399;
terminating_step_off;rr_n65536-1-s575069c135913288.ukp;1;3.54895;3.69;2129812;140323399;
eduk;rr_n65536-1-s575069c135913288.ukp;1;16.34000;16.36;42124;140323399;
eduk2;rr_n65536-1-s575069c135913288.ukp;1;13.20333;13.23;31840;140323399;
cpp-mtu1;rr_n65536-1-s575069c135913288.ukp;1;;1800.00;6860;;
cpp-mtu2;rr_n65536-1-s575069c135913288.ukp;1;;1800.00;5360;;
ordered_step_off;rr_n65536-2-s776387c135224453.ukp;1;7.30037;7.45;2118520;137731413;
terminating_step_off;rr_n65536-2-s776387c135224453.ukp;1;7.2645;7.41;2119044;137731413;
eduk;rr_n65536-2-s776387c135224453.ukp;1;21.54333;21.56;47588;137731413;
eduk2;rr_n65536-2-s776387c135224453.ukp;1;2.30667;2.32;31568;137731413;
cpp-mtu1;rr_n65536-2-s776387c135224453.ukp;1;;1800.00;6836;;
cpp-mtu2;rr_n65536-2-s776387c135224453.ukp;1;;1800.00;5312;;
ordered_step_off;rr_n65536-3-s746956c136503642.ukp;1;8.56951;8.71;2138544;138937359;
terminating_step_off;rr_n65536-3-s746956c136503642.ukp;1;8.53766;8.69;2139012;138937359;
eduk;rr_n65536-3-s746956c136503642.ukp;1;32.80000;32.83;49276;138937359;
eduk2;rr_n65536-3-s746956c136503642.ukp;1;18.12000;18.14;32128;138937359;
cpp-mtu1;rr_n65536-3-s746956c136503642.ukp;1;12.6427;12.80;6668;138937359;
cpp-mtu2;rr_n65536-3-s746956c136503642.ukp;1;0.352045;0.49;5220;138937359;
ordered_step_off;rr_n65536-4-s610976c135436398.ukp;1;20.3756;20.52;2121820;137089911;
terminating_step_off;rr_n65536-4-s610976c135436398.ukp;1;20.1916;20.33;2122396;137089911;
eduk;rr_n65536-4-s610976c135436398.ukp;1;111.18332;111.22;44864;137089911;
eduk2;rr_n65536-4-s610976c135436398.ukp;1;94.79332;94.83;53168;137089911;
cpp-mtu1;rr_n65536-4-s610976c135436398.ukp;1;;1800.00;6712;;
cpp-mtu2;rr_n65536-4-s610976c135436398.ukp;1;;1800.00;5468;;
ordered_step_off;rr_n65536-5-s10474c137175814.ukp;1;9.51565;9.66;2148932;138494199;
terminating_step_off;rr_n65536-5-s10474c137175814.ukp;1;9.45268;9.60;2149336;138494199;
eduk;rr_n65536-5-s10474c137175814.ukp;1;33.01000;33.03;47820;138494199;
eduk2;rr_n65536-5-s10474c137175814.ukp;1;0.07333;0.09;26392;138494199;
cpp-mtu1;rr_n65536-5-s10474c137175814.ukp;1;0.618301;0.75;6564;138494199;
cpp-mtu2;rr_n65536-5-s10474c137175814.ukp;1;1.35012;1.49;5204;138494199;
ordered_step_off;rr_n65536-6-s335984c138002105.ukp;1;5.29821;5.44;2161984;138451229;
terminating_step_off;rr_n65536-6-s335984c138002105.ukp;1;5.27009;5.43;2162320;138451229;
eduk;rr_n65536-6-s335984c138002105.ukp;1;3.68333;3.70;33284;138451229;
eduk2;rr_n65536-6-s335984c138002105.ukp;1;0.76000;0.77;32080;138451229;
cpp-mtu1;rr_n65536-6-s335984c138002105.ukp;1;;1800.00;6864;;
cpp-mtu2;rr_n65536-6-s335984c138002105.ukp;1;;1800.00;5160;;
ordered_step_off;rr_n65536-7-s610281c137124907.ukp;1;7.15905;7.30;2148232;138570066;
terminating_step_off;rr_n65536-7-s610281c137124907.ukp;1;7.11403;7.25;2148724;138570066;
eduk;rr_n65536-7-s610281c137124907.ukp;1;18.44333;18.47;35580;138570066;
eduk2;rr_n65536-7-s610281c137124907.ukp;1;11.46333;11.48;32176;138570066;
cpp-mtu1;rr_n65536-7-s610281c137124907.ukp;1;;1800.00;6804;;
cpp-mtu2;rr_n65536-7-s610281c137124907.ukp;1;;1800.00;5292;;
ordered_step_off;rr_n65536-8-s430955c135050372.ukp;1;1.40904;1.55;2115632;137356976;
terminating_step_off;rr_n65536-8-s430955c135050372.ukp;1;1.40924;1.55;2116280;137356976;
eduk;rr_n65536-8-s430955c135050372.ukp;1;7.04333;7.07;33284;137356976;
eduk2;rr_n65536-8-s430955c135050372.ukp;1;5.09000;5.11;31580;137356976;
cpp-mtu1;rr_n65536-8-s430955c135050372.ukp;1;;1800.00;6744;;
cpp-mtu2;rr_n65536-8-s430955c135050372.ukp;1;;1800.00;5136;;
ordered_step_off;rr_n65536-9-s333973c134961500.ukp;1;7.64903;7.79;2114420;136574993;
terminating_step_off;rr_n65536-9-s333973c134961500.ukp;1;7.60467;7.75;2115064;136574993;
eduk;rr_n65536-9-s333973c134961500.ukp;1;17.63000;17.66;42124;136574993;
eduk2;rr_n65536-9-s333973c134961500.ukp;1;10.80333;10.83;33900;136574993;
cpp-mtu1;rr_n65536-9-s333973c134961500.ukp;1;;1800.00;6860;;
cpp-mtu2;rr_n65536-9-s333973c134961500.ukp;1;;1800.00;5256;;
ordered_step_off;rr_n8192-0-s256871c17177173.ukp;1;0.190501;0.22;271544;17492977;
terminating_step_off;rr_n8192-0-s256871c17177173.ukp;1;0.155638;0.18;223912;17492977;
eduk;rr_n8192-0-s256871c17177173.ukp;1;0.05667;0.06;7924;17492977;
eduk2;rr_n8192-0-s256871c17177173.ukp;1;0.01000;0.01;7988;17492977;
cpp-mtu1;rr_n8192-0-s256871c17177173.ukp;1;0.00861468;0.03;3616;17492977;
cpp-mtu2;rr_n8192-0-s256871c17177173.ukp;1;0.00625277;0.03;3284;17492977;
ordered_step_off;rr_n8192-1-s594742c16980370.ukp;1;0.174683;0.20;268836;17255796;
terminating_step_off;rr_n8192-1-s594742c16980370.ukp;1;0.148327;0.17;219008;17255796;
eduk;rr_n8192-1-s594742c16980370.ukp;1;0.07000;0.07;7696;17255796;
eduk2;rr_n8192-1-s594742c16980370.ukp;1;0.01667;0.02;8648;17255796;
cpp-mtu1;rr_n8192-1-s594742c16980370.ukp;1;0.058952;0.08;3564;17255796;
cpp-mtu2;rr_n8192-1-s594742c16980370.ukp;1;24.0253;24.04;3396;17255796;
ordered_step_off;rr_n8192-2-s909073c16926040.ukp;1;0.150248;0.17;267772;17455275;
terminating_step_off;rr_n8192-2-s909073c16926040.ukp;1;0.146121;0.16;264212;17455275;
eduk;rr_n8192-2-s909073c16926040.ukp;1;0.05333;0.05;8652;17455275;
eduk2;rr_n8192-2-s909073c16926040.ukp;1;0.06333;0.06;9248;17455275;
cpp-mtu1;rr_n8192-2-s909073c16926040.ukp;1;7.50102;7.52;3596;17455275;
cpp-mtu2;rr_n8192-2-s909073c16926040.ukp;1;295.465;295.49;3456;17455275;
ordered_step_off;rr_n8192-3-s559133c17054980.ukp;1;0.140756;0.17;269896;17581172;
terminating_step_off;rr_n8192-3-s559133c17054980.ukp;1;0.122249;0.14;235876;17581172;
eduk;rr_n8192-3-s559133c17054980.ukp;1;0.11667;0.12;8484;17581172;
eduk2;rr_n8192-3-s559133c17054980.ukp;1;0.00333;0.01;7592;17581172;
cpp-mtu1;rr_n8192-3-s559133c17054980.ukp;1;0.000520935;0.02;3580;17581172;
cpp-mtu2;rr_n8192-3-s559133c17054980.ukp;1;0.000234579;0.02;3428;17581172;
ordered_step_off;rr_n8192-4-s264409c17131658.ukp;1;0.137864;0.16;271064;17653989;
terminating_step_off;rr_n8192-4-s264409c17131658.ukp;1;0.127219;0.15;255016;17653989;
eduk;rr_n8192-4-s264409c17131658.ukp;1;0.13000;0.13;9040;17653989;
eduk2;rr_n8192-4-s264409c17131658.ukp;1;0.06667;0.07;9244;17653989;
cpp-mtu1;rr_n8192-4-s264409c17131658.ukp;1;0.0579553;0.08;3596;17653989;
cpp-mtu2;rr_n8192-4-s264409c17131658.ukp;1;159.715;159.73;3472;17653989;
ordered_step_off;rr_n8192-5-s185965c17272912.ukp;1;0.0868642;0.11;273112;18490306;
terminating_step_off;rr_n8192-5-s185965c17272912.ukp;1;0.0611331;0.08;222516;18490306;
eduk;rr_n8192-5-s185965c17272912.ukp;1;0.08333;0.08;8804;18490306;
eduk2;rr_n8192-5-s185965c17272912.ukp;1;0.05333;0.05;8848;18490306;
cpp-mtu1;rr_n8192-5-s185965c17272912.ukp;1;0.5329;0.55;3540;18490306;
cpp-mtu2;rr_n8192-5-s185965c17272912.ukp;1;0.67495;0.70;3436;18490306;
ordered_step_off;rr_n8192-6-s845341c16956210.ukp;1;0.337089;0.36;268124;17077396;
terminating_step_off;rr_n8192-6-s845341c16956210.ukp;1;0.337447;0.36;268312;17077396;
eduk;rr_n8192-6-s845341c16956210.ukp;1;0.98667;0.99;10540;17077396;
eduk2;rr_n8192-6-s845341c16956210.ukp;1;0.53000;0.54;9584;17077396;
cpp-mtu1;rr_n8192-6-s845341c16956210.ukp;1;1.63766;1.66;3584;17077396;
cpp-mtu2;rr_n8192-6-s845341c16956210.ukp;1;0.256007;0.28;3368;17077396;
ordered_step_off;rr_n8192-7-s995156c16822095.ukp;1;0.145848;0.17;266192;17057428;
terminating_step_off;rr_n8192-7-s995156c16822095.ukp;1;0.146389;0.16;266160;17057428;
eduk;rr_n8192-7-s995156c16822095.ukp;1;0.07333;0.08;8416;17057428;
eduk2;rr_n8192-7-s995156c16822095.ukp;1;0.02000;0.02;8848;17057428;
cpp-mtu1;rr_n8192-7-s995156c16822095.ukp;1;0.0288155;0.05;3676;17057428;
cpp-mtu2;rr_n8192-7-s995156c16822095.ukp;1;0.0211308;0.04;3300;17057428;
ordered_step_off;rr_n8192-8-s751140c17184972.ukp;1;0.180585;0.20;271972;17451112;
terminating_step_off;rr_n8192-8-s751140c17184972.ukp;1;0.180489;0.20;271924;17451112;
eduk;rr_n8192-8-s751140c17184972.ukp;1;0.05667;0.06;6952;17451112;
eduk2;rr_n8192-8-s751140c17184972.ukp;1;0.05333;0.06;8316;17451112;
cpp-mtu1;rr_n8192-8-s751140c17184972.ukp;1;414.113;414.13;3600;17451112;
cpp-mtu2;rr_n8192-8-s751140c17184972.ukp;1;;1800.00;3420;;
ordered_step_off;rr_n8192-9-s502089c16789613.ukp;1;0.203707;0.23;265804;17629455;
terminating_step_off;rr_n8192-9-s502089c16789613.ukp;1;0.194071;0.21;257548;17629455;
eduk;rr_n8192-9-s502089c16789613.ukp;1;0.30667;0.31;9200;17629455;
eduk2;rr_n8192-9-s502089c16789613.ukp;1;0.02667;0.03;7664;17629455;
cpp-mtu1;rr_n8192-9-s502089c16789613.ukp;1;0.00144651;0.02;3700;17629455;
cpp-mtu2;rr_n8192-9-s502089c16789613.ukp;1;0.000987819;0.02;3512;17629455;
cplex2nt;rr_n1024-0-s321446c2108424.ukp;1;0.0263816;0.05;19260;2399816;
cplex2nt;rr_n1024-1-s837176c2141802.ukp;1;0.0169254;0.03;19032;2323664;
cplex2nt;rr_n1024-2-s465040c2097300.ukp;1;0.0203611;0.03;19236;2219809;
cplex2nt;rr_n1024-3-s286473c2142478.ukp;1;0.056099;0.06;19224;2225213;
cplex2nt;rr_n1024-4-s57635c2136861.ukp;1;0.0210283;0.03;19000;2355672;
cplex2nt;rr_n1024-5-s73266c2149076.ukp;1;0.0154248;0.02;19084;2474806;
cplex2nt;rr_n1024-6-s460116c2149608.ukp;1;0.00978741;0.02;17940;2334360;
cplex2nt;rr_n1024-7-s245741c2158930.ukp;1;0.0191342;0.03;19528;2207743;
cplex2nt;rr_n1024-8-s90643c2128174.ukp;1;0.0136409;0.02;19472;2308469;
cplex2nt;rr_n1024-9-s36374c2133152.ukp;1;0.0128013;0.02;18764;2198462;
cplex2nt;rr_n131072-0-s137962c275540577.ukp;1;11.7277;12.01;310512;277114495;
cplex2nt;rr_n131072-1-s615086c275028465.ukp;1;1.35474;1.65;248048;277462992;
cplex2nt;rr_n131072-2-s750175c269931501.ukp;1;8.12352;8.41;255216;271220285;
cplex2nt;rr_n131072-3-s608776c271726715.ukp;1;13.6554;13.95;363404;274570658;
cplex2nt;rr_n131072-4-s157673c273195129.ukp;1;1800.33;1800.69;2734480;276036491;
cplex2nt;rr_n131072-5-s593483c274086777.ukp;1;1800.2;1800.77;4102772;275603727;
cplex2nt;rr_n131072-6-s18085c271251137.ukp;1;1.38269;1.87;235900;273447033;
cplex2nt;rr_n131072-7-s927782c271598749.ukp;1;1264.53;1264.89;3186540;275619126;
cplex2nt;rr_n131072-8-s961444c275599244.ukp;1;1800.13;1800.63;1097672;277392880;
cplex2nt;rr_n131072-9-s31935c273663227.ukp;1;1800.92;1801.48;2806376;275922938;
cplex2nt;rr_n16384-0-s926607c33963226.ukp;1;0.970513;1.20;45724;34341771;
cplex2nt;rr_n16384-1-s446531c33868122.ukp;1;0.136785;0.18;45316;34175379;
cplex2nt;rr_n16384-2-s903840c33979172.ukp;1;0.537448;0.58;46036;34578373;
cplex2nt;rr_n16384-3-s742583c34057380.ukp;1;9.63439;9.67;61180;34759566;
cplex2nt;rr_n16384-4-s512825c33821346.ukp;1;1.22636;1.27;50640;34354551;
cplex2nt;rr_n16384-5-s574662c33604711.ukp;1;1006.17;1006.23;711932;34133059;
cplex2nt;rr_n16384-6-s732257c33658215.ukp;1;0.144127;0.38;46652;34197190;
cplex2nt;rr_n16384-7-s639568c34393592.ukp;1;3.26018;3.32;45464;35140452;
cplex2nt;rr_n16384-8-s112983c34301805.ukp;1;0.611146;0.65;49012;34873637;
cplex2nt;rr_n16384-9-s615173c33900300.ukp;1;0.167489;0.21;45908;34115722;
cplex2nt;rr_n2048-0-s56545c4278888.ukp;1;0.0384709;0.05;20644;4491093;
cplex2nt;rr_n2048-1-s770636c4254981.ukp;1;0.062157;0.12;20960;4674855;
cplex2nt;rr_n2048-2-s776667c4220739.ukp;1;0.0197751;0.03;20640;4605234;
cplex2nt;rr_n2048-3-s458668c4265665.ukp;1;0.0238706;0.03;20116;4304921;
cplex2nt;rr_n2048-4-s104987c4298539.ukp;1;0.0253354;0.04;20592;4785280;
cplex2nt;rr_n2048-5-s529642c4201830.ukp;1;0.0547894;0.06;20128;4413907;
cplex2nt;rr_n2048-6-s113608c4314416.ukp;1;0.414137;0.42;20496;4464545;
cplex2nt;rr_n2048-7-s821582c4307178.ukp;1;0.0213834;0.03;20316;4894370;
cplex2nt;rr_n2048-8-s170676c4282901.ukp;1;0.0270492;0.04;20524;4627593;
cplex2nt;rr_n2048-9-s217121c4228857.ukp;1;0.0176701;0.03;20324;4761712;
cplex2nt;rr_n32768-0-s964192c68222042.ukp;1;0.305165;0.38;73856;70209347;
cplex2nt;rr_n32768-1-s59271c68063533.ukp;1;0.296407;0.37;78240;69723062;
cplex2nt;rr_n32768-2-s465129c68691104.ukp;1;0.30809;0.41;75944;71297133;
cplex2nt;rr_n32768-3-s477565c68248507.ukp;1;4.21912;4.29;77688;68905482;
cplex2nt;rr_n32768-4-s625841c67701794.ukp;1;2.32661;2.40;85348;68662555;
cplex2nt;rr_n32768-5-s951699c69135084.ukp;1;2.57471;2.65;74088;70242572;
cplex2nt;rr_n32768-6-s651615c68001985.ukp;1;0.503046;0.58;73892;70192300;
cplex2nt;rr_n32768-7-s895501c68854074.ukp;1;1.63922;1.73;77448;70053426;
cplex2nt;rr_n32768-8-s650928c67581399.ukp;1;0.314818;0.38;73208;68686706;
cplex2nt;rr_n32768-9-s906564c67717576.ukp;1;0.569888;0.64;76340;69736137;
cplex2nt;rr_n4096-0-s554787c8648473.ukp;1;0.038154;0.05;23452;8969039;
cplex2nt;rr_n4096-1-s844842c8426780.ukp;1;0.148024;0.16;25168;8730620;
cplex2nt;rr_n4096-2-s570795c8418444.ukp;1;0.0672467;0.08;24684;8711049;
cplex2nt;rr_n4096-3-s582092c8431808.ukp;1;0.23582;0.25;24496;8815411;
cplex2nt;rr_n4096-4-s266267c8538468.ukp;1;0.240957;0.25;24648;9029837;
cplex2nt;rr_n4096-5-s522843c8554388.ukp;1;0.412291;0.43;25252;8785116;
cplex2nt;rr_n4096-6-s225123c8456199.ukp;1;0.0556191;0.07;24644;8725874;
cplex2nt;rr_n4096-7-s803015c8579315.ukp;1;0.0373359;0.05;24484;9170254;
cplex2nt;rr_n4096-8-s421524c8591657.ukp;1;1.93496;1.95;25232;9220352;
cplex2nt;rr_n4096-9-s619685c8481056.ukp;1;0.0477255;0.06;24236;9070148;
cplex2nt;rr_n65536-0-s12476c137089786.ukp;1;4.27084;4.42;133724;140695305;
cplex2nt;rr_n65536-1-s575069c135913288.ukp;1;35.7285;35.87;193564;140323399;
cplex2nt;rr_n65536-2-s776387c135224453.ukp;1;3.72071;3.88;130876;137731413;
cplex2nt;rr_n65536-3-s746956c136503642.ukp;1;1.23777;1.38;139804;138937359;
cplex2nt;rr_n65536-4-s610976c135436398.ukp;1;114.24;114.40;184620;137089911;
cplex2nt;rr_n65536-5-s10474c137175814.ukp;1;5.8217;6.16;133124;138494199;
cplex2nt;rr_n65536-6-s335984c138002105.ukp;1;4.22126;4.37;166876;138451229;
cplex2nt;rr_n65536-7-s610281c137124907.ukp;1;1801.04;1801.25;2645472;138568814;
cplex2nt;rr_n65536-8-s430955c135050372.ukp;1;4.81468;5.15;134704;137356976;
cplex2nt;rr_n65536-9-s333973c134961500.ukp;1;12.3807;12.52;134116;136574993;
cplex2nt;rr_n8192-0-s256871c17177173.ukp;1;0.0583677;0.08;30388;17492977;
cplex2nt;rr_n8192-1-s594742c16980370.ukp;1;0.205401;0.23;35636;17255796;
cplex2nt;rr_n8192-2-s909073c16926040.ukp;1;0.076604;0.10;30584;17455275;
cplex2nt;rr_n8192-3-s559133c17054980.ukp;1;0.0678701;0.09;31788;17581172;
cplex2nt;rr_n8192-4-s264409c17131658.ukp;1;0.332509;0.35;31948;17653989;
cplex2nt;rr_n8192-5-s185965c17272912.ukp;1;0.136579;0.16;31196;18490306;
cplex2nt;rr_n8192-6-s845341c16956210.ukp;1;23.7909;23.82;71920;17077396;
cplex2nt;rr_n8192-7-s995156c16822095.ukp;1;0.323612;0.35;30396;17057428;
cplex2nt;rr_n8192-8-s751140c17184972.ukp;1;0.0904761;0.11;29756;17451112;
cplex2nt;rr_n8192-9-s502089c16789613.ukp;1;0.0798356;0.10;29892;17629455
